site,sector,country
google.com,control,USA
www.canada.ca,gov,CANADA
netflix.com,control,USA
edmonton.ca,gov,CANADA
cloudflare.com,control,USA
ontario.ca,gov,CANADA
alberta.ca,gov,CANADA
rbc.com,bank,CANADA
td.com,bank,CANADA
scotiabank.com,bank,CANADA
cibc.com,bank,CANADA
utoronto.ca,university,CANADA
mcgill.ca,university,CANADA
nshealth.ca,hospital,CANADA
dal.ca,university,CANADA
smu.ca,university,CANADA
www.linkedin.com,control,USA
bankofcanada.ca,gov,CANADA
quebec.ca,gov,CANADA
aircanada.com,control,CANADA
uwaterloo.ca,university,CANADA
ubc.ca,university,CANADA
sickkids.ca,hospital,CANADA
uhn.ca,hospital,CANADA
sunnybrook.ca,hospital,CANADA
camh.ca,hospital,CANADA
ottawahospital.on.ca,hospital,CANADA
albertahealthservices.ca,hospital,CANADA
fraserhealth.ca,hospital,CANADA
muhc.ca,hospital,CANADA
cheo.on.ca,hospital,CANADA
unityhealth.to,hospital,CANADA
trilliumhealthpartners.ca,hospital,CANADA
bmo.com,bank,CANADA
nbc.ca,bank,CANADA
desjardins.com,bank,CANADA
atb.com,bank,CANADA
tangerine.ca,bank,CANADA
wealthsimple.com,bank,CANADA
ualberta.ca,university,CANADA
ucalgary.ca,university,CANADA
queensu.ca,university,CANADA
yorku.ca,university,CANADA
mcmaster.ca,university,CANADA
uottawa.ca,university,CANADA
ulaval.ca,university,CANADA
calgary.ca,gov,CANADA
ottawa.ca,gov,CANADA
halifax.ca,gov,CANADA
statcan.gc.ca,gov,CANADA
icloud.com,control,USA
cra-arc.gc.ca,gov,CANADA
justice.gc.ca,gov,CANADA
ic.gc.ca,gov,CANADA
pm.gc.ca,gov,CANADA
forces.gc.ca,gov,CANADA
gov.bc.ca,gov,CANADA
saskatchewan.ca,gov,CANADA
manitoba.ca,gov,CANADA
novascotia.ca,gov,CANADA
gnb.ca,gov,CANADA
vancouver.ca,gov,CANADA
montreal.ca,gov,CANADA
winnipeg.ca,gov,CANADA
bell.ca,telco,CANADA
rogers.com,telco,CANADA
telus.com,telco,CANADA
canadiantire.ca,retail,CANADA
loblaws.ca,retail,CANADA
walmart.ca,retail,CANADA
shopify.com,retail,CANADA
cbc.ca,media,CANADA
ctvnews.ca,media,CANADA
theglobeandmail.com,media,CANADA
canadapost.ca,transport,CANADA
viarail.ca,transport,CANADA
westjet.com,transport,CANADA
facebook.com,control,USA
microsoft.com,control,USA
apple.com,control,USA
equitablebank.ca,bank,CANADA
meridiancu.ca,bank,CANADA
vancity.com,bank,CANADA
coastcapitalsavings.com,bank,CANADA
cwbank.com,bank,CANADA
laurentianbank.ca,bank,CANADA
manulife.ca,bank,CANADA
sunlife.ca,bank,CANADA
carleton.ca,university,CANADA
torontomu.ca,university,CANADA
uvic.ca,university,CANADA
umanitoba.ca,university,CANADA
usask.ca,university,CANADA
concordia.ca,university,CANADA
mun.ca,university,CANADA
mountsinai.on.ca,hospital,CANADA
hsnsudbury.ca,hospital,CANADA
niagarahealth.on.ca,hospital,CANADA
mackenziehealth.ca,hospital,CANADA
vch.ca,hospital,CANADA
providencehealth.bc.ca,hospital,CANADA
service.canada.ca,gov,CANADA
esdc.gc.ca,gov,CANADA
nrcan.gc.ca,gov,CANADA
ec.gc.ca,gov,CANADA
tc.gc.ca,gov,CANADA
veterans.gc.ca,gov,CANADA
princeedwardisland.ca,gov,CANADA
gov.nl.ca,gov,CANADA
yukon.ca,gov,CANADA
gov.nu.ca,gov,CANADA
saskatoon.ca,gov,CANADA
london.ca,gov,CANADA
mississauga.ca,gov,CANADA
brampton.ca,gov,CANADA
regina.ca,gov,CANADA
victoria.ca,gov,CANADA
shaw.ca,telco,CANADA
videotron.com,telco,CANADA
freedommobile.ca,telco,CANADA
sobeys.com,retail,CANADA
indigo.ca,retail,CANADA
lululemon.com,retail,CANADA
thebay.com,retail,CANADA
shoppersdrugmart.ca,retail,CANADA
metro.ca,retail,CANADA
nationalpost.com,media,CANADA
thestar.com,media,CANADA
lapresse.ca,media,CANADA
ttc.ca,transport,CANADA
yvr.ca,transport,CANADA
torontopearson.com,transport,CANADA
amazon.com,control,USA
github.com,control,USA
wikipedia.org,control,INTL
youtube.com,control,USA
nytimes.com,control,USA
chase.com,bank,USA
wellsfargo.com,bank,USA
intact.ca,bank,CANADA
aviva.ca,bank,CANADA
cooperators.com,bank,CANADA
paypal.com,control,USA
stripe.com,control,USA
mastercard.ca,control,USA
visa.ca,control,USA
senecacollege.ca,university,CANADA
humber.ca,university,CANADA
algonquincollege.com,university,CANADA
nait.ca,university,CANADA
bcit.ca,university,CANADA
bestbuy.ca,retail,CANADA
homedepot.ca,retail,CANADA
costco.ca,retail,CANADA
ikea.com,retail,CANADA
staples.ca,retail,CANADA
timhortons.com,retail,CANADA
mcdonalds.com,retail,USA
starbucks.com,retail,USA
subway.com,retail,USA
pizzapizza.ca,retail,CANADA
edc.ca,gov,CANADA
bdc.ca,gov,CANADA
nserc-crsng.gc.ca,gov,CANADA
cihr-irsc.gc.ca,gov,CANADA
yyc.com,transport,CANADA
yow.ca,transport,CANADA
yul.com,transport,CANADA
gatineau.ca,gov,CANADA
markham.ca,gov,CANADA
burnaby.ca,gov,CANADA
richmond.ca,gov,CANADA
bbc.co.uk,media,UK
gov.uk,gov,UK
nhs.uk,hospital,UK
barclays.co.uk,bank,UK
hsbc.co.uk,bank,UK
spotify.com,control,USA
airbnb.com,control,USA
reddit.com,control,USA
opentext.com,control,CANADA
blackberry.com,control,CANADA
hootsuite.com,control,CANADA
lightspeedhq.com,control,CANADA
1password.com,control,CANADA
ebay.com,retail,USA
instagram.com,control,USA
servus.ca,bank,CANADA
alterna.ca,bank,CANADA
canlife.com,bank,CANADA
tdinsurance.com,bank,CANADA
belairdirect.com,bank,CANADA
allstate.ca,bank,CANADA
empire.ca,bank,CANADA
uqam.ca,university,CANADA
usherbrooke.ca,university,CANADA
ubishops.ca,university,CANADA
georgebrown.ca,university,CANADA
centennialcollege.ca,university,CANADA
mohawkcollege.ca,university,CANADA
conestogac.on.ca,university,CANADA
sait.ca,university,CANADA
hamiltonhealthsciences.ca,hospital,CANADA
humberriverhealth.ca,hospital,CANADA
bcchildrens.ca,hospital,CANADA
chu-sainte-justine.org,hospital,CANADA
bchydro.com,gov,CANADA
enmax.com,gov,CANADA
epcor.com,gov,CANADA
enbridge.com,control,CANADA
tcenergy.com,control,CANADA
suncor.com,control,CANADA
atco.com,control,CANADA
gotransit.com,transport,CANADA
octranspo.com,transport,CANADA
translink.ca,transport,CANADA
stm.info,transport,CANADA
cmhc-schl.gc.ca,gov,CANADA
bac-lac.gc.ca,gov,CANADA
mint.ca,gov,CANADA
elections.ca,gov,CANADA
x.com,control,USA
tiktok.com,control,USA
whatsapp.com,control,USA
discord.com,control,USA
slack.com,control,USA
zoom.us,control,USA
dropbox.com,control,USA
twitch.tv,control,USA
pinterest.com,control,USA
snapchat.com,control,USA
bankofamerica.com,bank,USA
citibank.com,bank,USA
usa.gov,gov,USA
raymondjames.ca,bank,CANADA
ig.ca,bank,CANADA
questrade.com,bank,CANADA
duca.com,bank,CANADA
libro.ca,bank,CANADA
usaa.com,bank,USA
vanguard.com,bank,USA
fidelity.com,bank,USA
ocadu.ca,university,CANADA
ufv.ca,university,CANADA
tru.ca,university,CANADA
royalroads.ca,university,CANADA
westernu.ca,university,CANADA
horizonnb.ca,hospital,CANADA
saskhealthauthority.ca,hospital,CANADA
intuit.com,control,USA
adobe.com,control,USA
salesforce.com,control,USA
oracle.com,control,USA
ibm.com,control,USA
globalnews.ca,media,CANADA
ledevoir.com,media,CANADA
montrealgazette.com,media,CANADA
flyporter.com,transport,CANADA
airtransat.com,transport,CANADA
expedia.ca,retail,CANADA
booking.com,retail,USA
tripadvisor.com,control,USA
royal.uk,gov,UK
parliament.uk,gov,UK
abc.net.au,media,AUSTRALIA
commbank.com.au,bank,AUSTRALIA
anz.com.au,bank,AUSTRALIA
westpac.com.au,bank,AUSTRALIA
nab.com.au,bank,AUSTRALIA
gstatic.com,control,USA
googleapis.com,control,USA
amazonaws.com,control,USA
mail.ru,control,RUSSIA
fbcdn.net,control,USA
twitter.com,control,USA
dzen.ru,control,RUSSIA
googletagmanager.com,control,USA
googlevideo.com,control,USA
live.com,control,USA
office.com,control,USA
azure.com,control,USA
googleusercontent.com,control,USA
doubleclick.net,control,USA
bing.com,control,USA
appsflyersdk.com,control,USA
fastly.net,control,USA
whatsapp.net,control,USA
digicert.com,control,USA
wordpress.org,control,USA
skype.com,control,USA
sharepoint.com,control,USA
youtu.be,control,USA
gandi.net,control,FRANCE
goo.gl,control,USA
googlesyndication.com,control,USA
yahoo.com,control,USA
cloud.microsoft,control,USA
msn.com,control,USA
ntp.org,control,USA
cloudflare.net,control,USA
vimeo.com,control,USA
googledomains.com,control,USA
chatgpt.com,control,USA
windows.net,control,USA
wa.me,control,USA
telekom.de,telco,GERMANY
myfritz.net,control,GERMANY
roblox.com,control,USA
tiktokv.com,control,CHINA
qq.com,control,CHINA
cloudflare-dns.com,control,USA
yandex.net,control,RUSSIA
baidu.com,control,CHINA
nginx.org,control,USA
workers.dev,control,USA
mozilla.org,control,USA
opera.com,control,USA
nic.ru,control,RUSSIA
windows.com,control,USA
yandex.ru,control,RUSSIA
samsung.com,control,KOREA
sentry.io,control,USA
google-analytics.com,control,USA
nginx.com,control,USA
wordpress.com,control,USA
ui.com,control,USA
office365.com,control,USA
bit.ly,control,USA
okcdn.ru,control,RUSSIA
discord.gg,control,USA
criteo.com,control,FRANCE
t.me,control,INTL
googleadservices.com,control,USA
trbcdn.net,control,RUSSIA
blogspot.com,control,USA
europa.eu,gov,EU
vk.com,control,RUSSIA
f5.com,control,USA
epicgames.com,control,USA
b-cdn.net,control,USA
unity3d.com,control,USA
mailinabox.email,control,USA
amazon-adsystem.com,control,USA
app-measurement.com,control,USA
github.io,control,USA
amazonvideo.com,control,USA
apache.org,control,USA
prodregistryv2.org,control,USA
nih.gov,gov,USA
kaspersky.com,control,RUSSIA
dns.google,control,USA
gravatar.com,control,USA
outlook.com,control,USA
app-analytics-services.com,control,USA
xiaomi.com,control,CHINA
forms.gle,control,USA
reg.ru,control,RUSSIA
archive.org,control,USA
godaddy.com,control,USA
vkuserphoto.ru,control,RUSSIA
tumblr.com,control,USA
one.one,control,USA
applovin.com,control,USA
aliyuncs.com,control,CHINA
webex.com,control,USA
adobe.io,control,USA
flickr.com,control,USA
userapi.com,control,RUSSIA
example.com,control,USA
soundcloud.com,control,USA
adtrafficquality.google,control,USA
medium.com,control,USA
w3.org,control,USA
rubiconproject.com,control,USA
taboola.com,control,USA
cnn.com,media,USA
vungle.com,control,USA
theguardian.com,media,UK
avast.com,control,USA
creativecommons.org,control,USA
forbes.com,media,USA
ozon.ru,retail,RUSSIA
pubmatic.com,control,USA
bbc.com,media,UK
cpanel.net,control,USA
weather.com,media,USA
t.co,control,USA
adnxs.com,control,USA
sciencedirect.com,control,USA
researchgate.net,control,USA
oxylabs.io,control,USA
gmail.com,control,USA
youtube-nocookie.com,control,USA
pki.goog,control,USA
mit.edu,university,USA
roku.com,control,USA
sourceforge.net,control,USA
adsafeprotected.com,control,USA
android.com,control,USA
canva.com,control,USA
ubuntu.com,control,USA
doi.org,control,USA
t-online.de,media,GERMANY
meraki.com,control,USA
nic.direct,control,USA
nist.gov,gov,USA
scorecardresearch.com,control,USA
miui.com,control,CHINA
imdb.com,media,USA
casalemedia.com,control,USA
doubleverify.com,control,USA
telegram.org,control,USA
who.int,gov,INTL
cisco.com,control,USA
hubspot.com,control,USA
adsrvr.org,control,USA
triplinkintl.com,control,USA
linktr.ee,control,USA
openai.com,control,USA
launchpad.net,control,UK
wikimedia.org,control,USA
mts.ru,telco,RUSSIA
lencr.org,control,USA
hp.com,control,USA
springer.com,control,GERMANY
autodesk.com,control,USA
tinyurl.com,control,USA
reuters.com,media,USA
mozilla.com,control,USA
etsy.com,retail,USA
drom.ru,retail,RUSSIA
wiley.com,control,USA
alibaba.com,retail,CHINA
nature.com,control,USA
harvard.edu,university,USA
steampowered.com,control,USA
debian.org,control,USA
php.net,control,USA
amazon.co.uk,retail,UK
vk.ru,control,RUSSIA
weibo.com,control,CHINA
aol.com,media,USA
ea.com,control,USA
issuu.com,control,USA
gnu.org,control,USA
checkpoint.com,control,USA
weebly.com,control,USA
cdc.gov,gov,USA
wildberries.ru,retail,RUSSIA
opendns.com,control,USA
tradingview.com,control,USA
mi.com,control,CHINA
trustpilot.com,control,USA
ivi.ru,control,RUSSIA
naver.com,control,KOREA
wsj.com,media,USA
washingtonpost.com,media,USA
aliyun.com,control,CHINA
bilibili.com,control,CHINA
dell.com,control,USA
google.cn,control,CHINA
cnbc.com,media,USA
dailymail.co.uk,media,UK
dailymotion.com,control,FRANCE
bloomberg.com,media,USA
nvidia.com,control,USA
nasa.gov,gov,USA
temu.com,retail,USA
yahoo.co.jp,control,JAPAN
tp-link.com,control,CHINA
vivoglobal.com,control,CHINA
yandex.com,control,RUSSIA
unsplash.com,control,USA
indeed.com,control,USA
calendly.com,control,USA
amazon.de,retail,GERMANY
globo.com,media,BRAZIL
arubanetworks.com,control,USA
gitlab.com,control,USA
duckduckgo.com,control,USA
zendesk.com,control,USA
espn.com,media,USA
businessinsider.com,media,USA
supercell.com,control,USA
pixabay.com,control,USA
163.com,control,CHINA
line.me,control,JAPAN
brave.com,control,USA
steamcommunity.com,control,USA
intel.com,control,USA
taobao.com,retail,CHINA
go.com,media,USA
statista.com,control,USA
netease.com,control,CHINA
aliexpress.com,retail,CHINA
speedtest.net,control,USA
duolingo.com,control,USA
mcafee.com,control,USA
t-mobile.com,telco,USA
mikrotik.com,control,USA
quora.com,control,USA
eventbrite.com,control,USA
bsky.app,control,USA
hostgator.com,control,USA
ietf.org,control,USA
sohu.com,control,CHINA
goodreads.com,control,USA
scribd.com,control,USA
mysql.com,control,USA
gosuslugi.ru,gov,RUSSIA
npr.org,media,USA
name.com,control,USA
mediatek.com,control,USA
walmart.com,retail,USA
sberbank.ru,bank,RUSSIA
paloaltonetworks.com,control,USA
foxnews.com,media,USA
shein.com,retail,CHINA
giphy.com,control,USA
sina.com.cn,control,CHINA
slideshare.net,control,USA
stackoverflow.com,control,USA
indiatimes.com,media,INDIA
amazon.co.jp,retail,JAPAN
google.de,control,GERMANY
substack.com,control,USA
behance.net,control,USA
fandom.com,control,USA
nbcnews.com,media,USA
docker.com,control,USA
okta.com,control,USA
wired.com,media,USA
firefox.com,control,USA
blogger.com,control,USA
ft.com,media,UK
jquery.com,control,USA
uol.com.br,media,BRAZIL
time.com,media,USA
360.cn,control,CHINA
trendmicro.com,control,USA
arxiv.org,control,USA
capcut.com,control,CHINA
patreon.com,control,USA
usatoday.com,media,USA
deviantart.com,control,USA
visualstudio.com,control,USA
2gis.com,control,RUSSIA
google.com.hk,control,USA
eset.com,control,USA
grammarly.com,control,USA
wix.com,control,USA
teamviewer.com,control,GERMANY
fast.com,control,USA
tandfonline.com,control,UK
atlassian.com,control,USA
deere.com,control,USA
oup.com,control,UK
ca.gov,gov,USA
telegraph.co.uk,media,UK
deepl.com,control,GERMANY
cornell.edu,university,USA
surveymonkey.com,control,USA
rakuten.co.jp,retail,JAPAN
avito.ru,retail,RUSSIA
target.com,retail,USA
berkeley.edu,university,USA
playstation.com,control,JAPAN
ieee.org,control,USA
apnews.com,media,USA
free.fr,telco,FRANCE
digitalocean.com,control,USA
mdpi.com,control,USA
verisign.com,control,USA
jotform.com,control,USA
accuweather.com,media,USA
britannica.com,control,USA
claude.ai,control,USA
loc.gov,gov,USA
squarespace.com,control,USA
redhat.com,control,USA
nintendo.com,control,JAPAN
threads.com,control,USA
amazon.fr,retail,FRANCE
independent.co.uk,media,UK
cbsnews.com,media,USA
cnet.com,media,USA
viber.com,control,USA
nike.com,retail,USA
elpais.com,media,SPAIN
sagepub.com,control,USA
yelp.com,control,USA
imgur.com,control,USA
unesco.org,gov,INTL
dreamhost.com,control,USA
techcrunch.com,media,USA
amazon.ca,retail,CANADA
noaa.gov,gov,USA
ups.com,transport,USA
cambridge.org,control,UK
bluehost.com,control,USA
mailchimp.com,control,USA
ted.com,media,USA
lemonde.fr,media,FRANCE
spiegel.de,media,GERMANY
anydesk.com,control,GERMANY
att.net,telco,USA
rt.ru,telco,RUSSIA
wps.com,control,CHINA
google.co.uk,control,UK
amazon.in,retail,INDIA
shopee.com.br,retail,BRAZIL
mediafire.com,control,USA
asus.com,control,CHINA
cursor.sh,control,USA
wattpad.com,control,CANADA
sophos.com,control,UK
box.com,control,USA
shopee.co.id,retail,INDONESIA
bitrix24.ru,control,RUSSIA
amazon.es,retail,SPAIN
homedepot.com,retail,USA
marriott.com,control,USA
seznam.cz,control,CZECHIA
amazon.it,retail,ITALY
google.com.br,control,BRAZIL
jetbrains.com,control,USA
myspace.com,control,USA
iso.org,gov,INTL
ring.com,control,USA
mckinsey.com,control,USA
bandcamp.com,control,USA
anthropic.com,control,USA
fda.gov,gov,USA
zillow.com,control,USA
python.org,control,USA
freepik.com,control,SPAIN
primevideo.com,media,USA
mercadolivre.com.br,retail,BRAZIL
prnewswire.com,media,USA
mlb.com,media,USA
nikkei.com,media,JAPAN
wp.pl,media,POLAND
fiverr.com,control,USA
theverge.com,media,USA
ameblo.jp,control,JAPAN
hbr.org,media,USA
people.com,media,USA
uber.com,control,USA
washington.edu,university,USA
hostgator.com.br,control,BRAZIL
globalsign.com,control,USA
welt.de,media,GERMANY
allegro.pl,retail,POLAND
disneyplus.com,media,USA
rakuten.com,retail,USA
disqus.com,control,USA
bild.de,media,GERMANY
openstreetmap.org,control,UK
mayoclinic.org,hospital,USA
lenovo.com,control,CHINA
zhihu.com,control,CHINA
usps.com,transport,USA
lefigaro.fr,media,FRANCE
academia.edu,control,USA
latimes.com,media,USA
aljazeera.com,media,QATAR
pexels.com,control,USA
onlyfans.com,control,UK
investopedia.com,control,USA
figma.com,control,USA
discogs.com,control,USA
kick.com,control,USA
news.com.au,media,AUSTRALIA
ebay.co.uk,retail,UK
merriam-webster.com,control,USA
focus.de,media,GERMANY
zoho.com,control,INDIA
princeton.edu,university,USA
agoda.com,control,SINGAPORE
chess.com,control,USA
change.org,control,USA
synology.com,control,TAIWAN
biblegateway.com,control,USA
ndtv.com,media,INDIA
irs.gov,gov,USA
life360.com,control,USA
themeforest.net,control,USA
smartthings.com,control,USA
ebay.de,retail,GERMANY
qualtrics.com,control,USA
usda.gov,gov,USA
kontur.ru,control,RUSSIA
healthline.com,media,USA
amazon.com.br,retail,BRAZIL
arcgis.com,control,USA
worldbank.org,gov,INTL
starlink.com,telco,USA
otto.de,retail,GERMANY
deloitte.com,control,USA
www.gov.br,gov,BRAZIL
frontiersin.org,control,SWITZERLAND
deepseek.com,control,CHINA
daum.net,control,KOREA
genius.com,control,USA
hm.com,retail,SWEDEN
rutube.ru,media,RUSSIA
pixiv.net,control,JAPAN
playrix.com,control,RUSSIA
clever.com,control,USA
perplexity.ai,control,USA
jimdo.com,control,GERMANY
state.gov,gov,USA
classlink.com,control,USA
poki.com,control,NETHERLANDS
typeform.com,control,SPAIN
linode.com,control,USA
epa.gov,gov,USA
coupang.com,retail,KOREA
character.ai,control,USA
ryanair.com,transport,IRELAND
nationalgeographic.com,media,USA
youku.com,control,CHINA
repubblica.it,media,ITALY
rackspace.com,control,USA
amazon.com.au,retail,AUSTRALIA
wyzecam.com,control,USA
xerox.com,control,USA
mercadolibre.com.ar,retail,ARGENTINA
lowes.com,retail,USA
kleinanzeigen.de,retail,GERMANY
corriere.it,media,ITALY
kickstarter.com,control,USA
weforum.org,gov,INTL
theatlantic.com,media,USA
readthedocs.io,control,USA
rambler.ru,media,RUSSIA
pbs.org,media,USA
umich.edu,university,USA
kwai.com,control,CHINA
yandex.com.tr,control,TURKEY
note.com,control,JAPAN
whitehouse.gov,gov,USA
jd.com,retail,CHINA
caixa.gov.br,bank,BRAZIL
elmundo.es,media,SPAIN
theconversation.com,media,AUSTRALIA
netgear.com,control,USA
onet.pl,media,POLAND
nexusmods.com,control,USA
hotstar.com,media,INDIA
sofascore.com,media,SLOVENIA
costco.com,retail,USA
binance.com,bank,USA
nypost.com,media,USA
columbia.edu,university,USA
bol.com,retail,NETHERLANDS
quizlet.com,control,USA
tagesschau.de,media,GERMANY
ecosia.org,control,GERMANY
ancestry.com,control,USA
tesla.com,control,USA
odoo.com,control,BELGIUM
infobae.com,media,ARGENTINA
spamhaus.org,control,SWITZERLAND
huffpost.com,media,USA
docomo.ne.jp,telco,JAPAN
flipkart.com,retail,INDIA
ubi.com,control,FRANCE
nextcloud.com,control,GERMANY
rbc.ru,media,RUSSIA
leparisien.fr,media,FRANCE
redfin.com,control,USA
amazon.com.mx,retail,MEXICO
moneycontrol.com,media,INDIA
marca.com,media,SPAIN
google.ca,control,CANADA
terra.com.br,media,BRAZIL
coursera.org,control,USA
hilton.com,control,USA
as.com,media,SPAIN
ameba.jp,control,JAPAN
ox.ac.uk,university,UK
instructure.com,control,USA
adblockplus.org,control,GERMANY
garmin.com,control,USA
notion.so,control,USA
letterboxd.com,control,NEW ZEALAND
trendyol.com,retail,TURKEY
olx.com.br,retail,BRAZIL
xing.com,control,GERMANY
crazygames.com,control,BELGIUM
bfmtv.com,media,FRANCE
oecd.org,gov,INTL
archiveofourown.org,control,USA
n-tv.de,media,GERMANY
yandex.kz,control,KAZAKHSTAN
ilovepdf.com,control,SPAIN
goal.com,media,UK
dribbble.com,control,USA
servicecanada.gc.ca,gov,CANADA
hamilton.ca,gov,CANADA
surrey.ca,gov,CANADA
canadalife.com,bank,CANADA
ia.ca,bank,CANADA
eqbank.ca,bank,CANADA
simplii.com,bank,CANADA
unb.ca,university,CANADA
upei.ca,university,CANADA
acadiau.ca,university,CANADA
stfx.ca,university,CANADA
ontariotechu.ca,university,CANADA
thp.ca,hospital,CANADA
theroyal.ca,hospital,CANADA
baycrest.org,hospital,CANADA
islandhealth.ca,hospital,CANADA
iwk.nshealth.ca,hospital,CANADA
lhsc.on.ca,hospital,CANADA
sasktel.com,telco,CANADA
eastlink.ca,telco,CANADA
fido.ca,telco,CANADA
koodomobile.com,telco,CANADA
teksavvy.com,telco,CANADA
rona.ca,retail,CANADA
sportchek.ca,retail,CANADA
simons.ca,retail,CANADA
ssense.com,retail,CANADA
aritzia.com,retail,CANADA
roots.com,retail,CANADA
bcferries.com,transport,CANADA
vercel.com,tech,USA
netlify.com,tech,USA
cloudinary.com,tech,USA
twilio.com,tech,USA
datadoghq.com,tech,USA
snowflake.com,tech,USA
mongodb.com,tech,USA
elastic.co,tech,USA
hashicorp.com,tech,USA
postman.com,tech,USA
asana.com,tech,USA
monday.com,tech,ISRAEL
miro.com,tech,USA
airtable.com,tech,USA
zapier.com,tech,USA
heroku.com,tech,USA
auth0.com,tech,USA
sendgrid.com,tech,USA
economist.com,media,UK
axios.com,media,USA
vox.com,media,USA
politico.com,media,USA
propublica.org,media,USA
dw.com,media,GERMANY
france24.com,media,FRANCE
euronews.com,media,FRANCE
scmp.com,media,HONGKONG
japantimes.co.jp,media,JAPAN
straitstimes.com,media,SINGAPORE
thehindu.com,media,INDIA
lloydsbank.com,bank,UK
natwest.com,bank,UK
santander.com,bank,SPAIN
ubs.com,bank,SWITZERLAND
goldmansachs.com,bank,USA
morganstanley.com,bank,USA
americanexpress.com,bank,USA
capitalone.com,bank,USA
schwab.com,bank,USA
coinbase.com,bank,USA
kraken.com,bank,USA
revolut.com,bank,UK
monzo.com,bank,UK
wayfair.com,retail,USA
chewy.com,retail,USA
asos.com,retail,UK
zalando.com,retail,GERMANY
zara.com,retail,SPAIN
uniqlo.com,retail,JAPAN
sephora.com,retail,FRANCE
ulta.com,retail,USA
newegg.com,retail,USA
bhphotovideo.com,retail,USA
purolator.com,transport,CANADA
lcbo.com,retail,CANADA
dollarama.com,retail,CANADA
canadagoose.com,retail,CANADA
mec.ca,retail,CANADA
well.ca,retail,CANADA
skipthedishes.com,tech,CANADA
koho.ca,bank,CANADA
magna.com,control,CANADA
bombardier.com,transport,CANADA
cn.ca,transport,CANADA
imf.org,gov,USA
wto.org,gov,SWITZERLAND
nato.int,gov,BELGIUM
ecb.europa.eu,gov,GERMANY
interpol.int,gov,FRANCE
clevelandclinic.org,hospital,USA
hopkinsmedicine.org,hospital,USA
kaiserpermanente.org,hospital,USA
mskcc.org,hospital,USA
uclahealth.org,hospital,USA
stanfordhealthcare.org,hospital,USA
cam.ac.uk,university,UK
ethz.ch,university,SWITZERLAND
epfl.ch,university,SWITZERLAND
nus.edu.sg,university,SINGAPORE
canada.ca,web,CANADA
videotron.ca,web,CANADA
ebay.ca,web,CANADA
kijiji.ca,web,CANADA
blogspot.ca,web,CANADA
python.ca,web,CANADA
realtor.ca,web,CANADA
radio-canada.ca,web,CANADA
youradchoices.ca,web,CANADA
d-zone.ca,web,CANADA
umontreal.ca,web,CANADA
uwo.ca,web,CANADA
psiphon.ca,web,CANADA
centris.ca,web,CANADA
turbulent.ca,web,CANADA
eventbrite.ca,web,CANADA
freightpass.ca,web,CANADA
sportsnet.ca,web,CANADA
tsn.ca,web,CANADA
whc.ca,web,CANADA
newswire.ca,web,CANADA
pinterest.ca,web,CANADA
uoguelph.ca,web,CANADA
citynews.ca,web,CANADA
bnnbloomberg.ca,web,CANADA
mywhc.ca,web,CANADA
huffingtonpost.ca,web,CANADA
autotrader.ca,web,CANADA
yelp.ca,web,CANADA
playcasinoonline.ca,web,CANADA
tvanouvelles.ca,web,CANADA
wayfair.ca,web,CANADA
globalresearch.ca,web,CANADA
casinolead.ca,web,CANADA
cgocable.ca,web,CANADA
tripadvisor.ca,web,CANADA
sympatico.ca,web,CANADA
realmoney-casino.ca,web,CANADA
intuit.ca,web,CANADA
realmoneygaming.ca,web,CANADA
gov.on.ca,web,CANADA
macleans.ca,web,CANADA
cira.ca,web,CANADA
ancestry.ca,web,CANADA
yellowpages.ca,web,CANADA
cogeco.ca,web,CANADA
gapcanada.ca,web,CANADA
webnames.ca,web,CANADA
gamblerzone.ca,web,CANADA
rapidenet.ca,web,CANADA
jobbank.gc.ca,web,CANADA
thecanadianencyclopedia.ca,web,CANADA
ticketmaster.ca,web,CANADA
vianet.ca,web,CANADA
ourcommons.ca,web,CANADA
airbnb.ca,web,CANADA
namespro.ca,web,CANADA
weather.gc.ca,web,CANADA
clegc-gckey.gc.ca,web,CANADA
wowjobs.ca,web,CANADA
mr-bet.ca,web,CANADA
adsninja.ca,web,CANADA
cmaj.ca,web,CANADA
audible.ca,web,CANADA
cancer.ca,web,CANADA
ctv.ca,web,CANADA
canadapost-postescanada.ca,web,CANADA
canoe.ca,web,CANADA
ryerson.ca,web,CANADA
wlu.ca,web,CANADA
wemesh.ca,web,CANADA
uwindsor.ca,web,CANADA
royallepage.ca,web,CANADA
polymtl.ca,web,CANADA
nfb.ca,web,CANADA
crave.ca,web,CANADA
rebel.ca,web,CANADA
siriusxm.ca,web,CANADA
uregina.ca,web,CANADA
ccohs.ca,web,CANADA
canspace.ca,web,CANADA
metered.ca,web,CANADA
brocku.ca,web,CANADA
glassdoor.ca,web,CANADA
canadiangeographic.ca,web,CANADA
clubrunner.ca,web,CANADA
blacksun.ca,web,CANADA
parl.ca,web,CANADA
affirm.ca,web,CANADA
thewalrus.ca,web,CANADA
leslibraires.ca,web,CANADA
citizenlab.ca,web,CANADA
interac.ca,web,CANADA
medallia.ca,web,CANADA
homehardware.ca,web,CANADA
remax.ca,web,CANADA
thetyee.ca,web,CANADA
athabascau.ca,web,CANADA
wightman.ca,web,CANADA
primus.ca,web,CANADA
rds.ca,web,CANADA
domainsatcost.ca,web,CANADA
chl.ca,web,CANADA
carfax.ca,web,CANADA
uwinnipeg.ca,web,CANADA
olg.ca,web,CANADA
easydns.ca,web,CANADA
gov.ab.ca,web,CANADA
gettyimages.ca,web,CANADA
cafepress.ca,web,CANADA
internic.ca,web,CANADA
poshmark.ca,web,CANADA
zolo.ca,web,CANADA
uquebec.ca,web,CANADA
spreadshirt.ca,web,CANADA
d2cmedia.ca,web,CANADA
canada411.ca,web,CANADA
votresite.ca,web,CANADA
revenuquebec.ca,web,CANADA
vevor.ca,web,CANADA
opentable.ca,web,CANADA
smartcanucks.ca,web,CANADA
cmha.ca,web,CANADA
penguinrandomhouse.ca,web,CANADA
uqac.ca,web,CANADA
ebgames.ca,web,CANADA
ceo.ca,web,CANADA
zohocloud.ca,web,CANADA
cargurus.ca,web,CANADA
pagesjaunes.ca,web,CANADA
webdomaine.ca,web,CANADA
instacart.ca,web,CANADA
newegg.ca,web,CANADA
nrc.ca,web,CANADA
google.com.au,web,AUSTRALIA
smh.com.au,web,AUSTRALIA
unimelb.edu.au,web,AUSTRALIA
nsw.gov.au,web,AUSTRALIA
ventraip.net.au,web,AUSTRALIA
hln.be,web,BELGIUM
google.be,web,BELGIUM
vrt.be,web,BELGIUM
cnnbrasil.com.br,web,BRAZIL
acesso.gov.br,web,BRAZIL
jusbrasil.com.br,web,BRAZIL
alura.com.br,web,BRAZIL
eye4.cn,web,CHINA
vivo.com.cn,web,CHINA
vinted.fr,web,FRANCE
lequipe.fr,web,FRANCE
leboncoin.fr,web,FRANCE
ddnss.de,web,GERMANY
bund.de,web,GERMANY
kicker.de,web,GERMANY
zalando.de,web,GERMANY
gst.gov.in,web,INDIA
uidai.gov.in,web,INDIA
kahoot.it,web,ITALY
gazzetta.it,web,ITALY
poste.it,web,ITALY
ebay.it,web,ITALY
dmm.co.jp,web,JAPAN
tbs.co.jp,web,JAPAN
itmedia.co.jp,web,JAPAN
hotpepper.jp,web,JAPAN
google.co.jp,web,JAPAN
inven.co.kr,web,KOREA
ppomppu.co.kr,web,KOREA
flic.kr,web,KOREA
google.co.kr,web,KOREA
mercadolibre.com.mx,web,MEXICO
caliente.mx,web,MEXICO
www.gob.mx,web,MEXICO
google.com.mx,web,MEXICO
nu.nl,web,NETHERLANDS
ad.nl,web,NETHERLANDS
marktplaats.nl,web,NETHERLANDS
deltafibernederland.nl,web,NETHERLANDS
glasvezelactiveren.nl,web,NETHERLANDS
finn.no,web,NORWAY
vg.no,web,NORWAY
dagbladet.no,web,NORWAY
google.no,web,NORWAY
nrk.no,web,NORWAY
olx.pl,web,POLAND
interia.pl,web,POLAND
mediaexpert.pl,web,POLAND
otomoto.pl,web,POLAND
librus.pl,web,POLAND
telecid.ru,web,RUSSIA
selectel.ru,web,RUSSIA
netangels.ru,web,RUSSIA
leroymerlin.es,web,SPAIN
eltiempo.es,web,SPAIN
xvideos.es,web,SPAIN
xnxx.es,web,SPAIN
aftonbladet.se,web,SWEDEN
toyhou.se,web,SWEDEN
loopia.se,web,SWEDEN
haxx.se,web,SWEDEN
curl.se,web,SWEDEN
admin.ch,web,SWITZERLAND
komikindo.ch,web,SWITZERLAND
threema.ch,web,SWITZERLAND
hostpoint.ch,web,SWITZERLAND
cern.ch,web,SWITZERLAND
turkiye.gov.tr,web,TURKEY
sozcu.com.tr,web,TURKEY
google.com.tr,web,TURKEY
hurriyet.com.tr,web,TURKEY
amazon.com.tr,web,TURKEY
www.gov.uk,web,UK
service.gov.uk,web,UK
rightmove.co.uk,web,UK
thinkific.com,tech,CANADA
coveo.com,tech,CANADA
journaldemontreal.com,media,CANADA
ecobee.com,tech,CANADA
thescore.com,media,CANADA
vidyard.com,tech,CANADA
financialpost.com,media,CANADA
faire.com,tech,CANADA
torontosun.com,media,CANADA
vancouversun.com,media,CANADA
unbounce.com,tech,CANADA
cohere.com,tech,CANADA
journaldequebec.com,media,CANADA
later.com,tech,CANADA
ottawacitizen.com,media,CANADA
clio.com,tech,CANADA
dailyhive.com,media,CANADA
calgaryherald.com,media,CANADA
winnipegfreepress.com,media,CANADA
blogto.com,media,CANADA
edmontonjournal.com,media,CANADA
thespec.com,media,CANADA
castanet.net,media,CANADA
narcity.com,media,CANADA
jeancoutu.com,retail,CANADA
lakeheadu.ca,university,CANADA
sportinglife.ca,retail,CANADA
marks.com,retail,CANADA
vistaprint.ca,retail,CANADA
redcross.ca,hospital,CANADA
trentu.ca,university,CANADA
uleth.ca,university,CANADA
londondrugs.com,retail,CANADA
realcanadiansuperstore.ca,retail,CANADA
jysk.ca,retail,CANADA
bnc.ca,bank,CANADA
payworks.ca,tech,CANADA
tsc.ca,retail,CANADA
princessauto.com,retail,CANADA
albertaparks.ca,gov,CANADA
thechronicleherald.ca,media,CANADA
descartes.com,tech,CANADA
saveonfoods.com,retail,CANADA
viu.ca,university,CANADA
nuvei.com,tech,CANADA
loblaw.ca,retail,CANADA
mta.ca,university,CANADA
uqtr.ca,university,CANADA
fortnine.ca,retail,CANADA
leons.ca,retail,CANADA
gianttiger.com,retail,CANADA
start.ca,telco,CANADA
uline.ca,retail,CANADA
kent.ca,retail,CANADA
svpsports.ca,retail,CANADA
fizz.ca,telco,CANADA
cps.ca,hospital,CANADA
heartandstroke.ca,hospital,CANADA
mtroyal.ca,university,CANADA
bluecross.ca,bank,CANADA
canac.ca,retail,CANADA
bmr.ca,retail,CANADA
cpacanada.ca,bank,CANADA
foodbasics.ca,retail,CANADA
ontariocourts.ca,gov,CANADA
tbaytel.net,telco,CANADA
alzheimer.ca,hospital,CANADA
laura.ca,retail,CANADA
etsmtl.ca,university,CANADA
pharmaprix.ca,retail,CANADA
superc.ca,retail,CANADA
virginmobile.ca,telco,CANADA
decathlon.ca,retail,CANADA
unbc.ca,university,CANADA
intelcom.ca,transport,CANADA
ontarioparks.ca,gov,CANADA
meteo.gc.ca,gov,CANADA
diabetes.ca,hospital,CANADA
investia.ca,bank,CANADA
statcan.ca,gov,CANADA
pcfinancial.ca,bank,CANADA
scc-csc.ca,gov,CANADA
crea.ca,bank,CANADA
iheartradio.ca,media,CANADA
laurentian.ca,university,CANADA
flyflair.com,transport,CANADA
transunion.ca,bank,CANADA
equifax.ca,bank,CANADA
osc.ca,bank,CANADA
gg.ca,gov,CANADA
ebox.ca,telco,CANADA
cihi.ca,hospital,CANADA
kpu.ca,university,CANADA
blood.ca,hospital,CANADA
macewan.ca,university,CANADA
sencanada.ca,gov,CANADA
nofrills.ca,retail,CANADA
kinaxis.com,tech,CANADA
xplore.ca,telco,CANADA
coquitlam.ca,gov,CANADA
admtl.com,transport,CANADA
douglascollege.ca,university,CANADA
fanshawec.ca,university,CANADA
wawanesa.com,bank,CANADA
fidelity.ca,bank,CANADA
interiorhealth.ca,hospital,CANADA
altitude-sports.com,retail,CANADA
rcmp-grc.gc.ca,gov,CANADA
langara.ca,university,CANADA
kitchener.ca,gov,CANADA
oakville.ca,gov,CANADA
kelowna.ca,gov,CANADA
jobber.com,tech,CANADA
harryrosen.com,retail,CANADA
camosun.ca,university,CANADA
vaughan.ca,gov,CANADA
laval.ca,gov,CANADA
manulifebank.ca,bank,CANADA
guelph.ca,gov,CANADA
barrie.ca,gov,CANADA
richmondhill.ca,gov,CANADA
edwardjones.ca,bank,CANADA
exo.quebec,transport,CANADA
freshco.com,retail,CANADA
cadth.ca,hospital,CANADA
flyeia.com,transport,CANADA
halifaxstanfield.ca,transport,CANADA
waterloo.ca,gov,CANADA
ci.com,bank,CANADA
execulink.ca,telco,CANADA
abbotsford.ca,gov,CANADA
longos.com,retail,CANADA
cambridge.ca,gov,CANADA
cbsa-asfc.gc.ca,gov,CANADA
sinaihealth.ca,hospital,CANADA
oxio.ca,telco,CANADA
grt.ca,transport,CANADA
economical.com,bank,CANADA
easyfinancial.com,bank,CANADA
williamoslerhs.ca,hospital,CANADA
transitapp.com,transport,CANADA
novuscom.net,telco,CANADA
nscc.ca,university,CANADA
hay.net,telco,CANADA
ontariohealth.ca,hospital,CANADA
calgarytransit.com,transport,CANADA
marineatlantic.ca,transport,CANADA
aeroportdequebec.com,transport,CANADA
hollandbloorview.ca,hospital,CANADA
yqb.ca,transport,CANADA
toyota.ca,retail,CANADA
ford.ca,retail,CANADA
bmw.ca,retail,CANADA
kia.ca,retail,CANADA
adidas.ca,retail,CANADA
skechers.ca,retail,CANADA
crocs.ca,retail,CANADA
jdsports.ca,retail,CANADA
dominos.ca,retail,CANADA
canadianappliance.ca,retail,CANADA
tanguay.ca,retail,CANADA
401games.ca,retail,CANADA
cartersoshkosh.ca,retail,CANADA
rakuten.ca,retail,CANADA
pcoptimum.ca,retail,CANADA
airmiles.ca,retail,CANADA
sceneplus.ca,retail,CANADA
costcobusinesscentre.ca,retail,CANADA
noovomoi.ca,media,CANADA
omnitv.ca,media,CANADA
salutbonjour.ca,media,CANADA
tvasports.ca,media,CANADA
qub.ca,media,CANADA
7jours.ca,media,CANADA
readersdigest.ca,media,CANADA
metronews.ca,media,CANADA
exclaim.ca,media,CANADA
rabble.ca,media,CANADA
citytvplus.ca,media,CANADA
985fm.ca,media,CANADA
driving.ca,media,CANADA
hec.ca,university,CANADA
sheridancollege.ca,university,CANADA
bccampus.ca,university,CANADA
opentextbc.ca,university,CANADA
triumf.ca,university,CANADA
healthlinkbc.ca,gov,CANADA
guichetemplois.gc.ca,gov,CANADA
idrc.ca,gov,CANADA
epsb.ca,gov,CANADA
risq.qc.ca,tech,CANADA
frontiernetworks.ca,telco,CANADA
citywest.ca,telco,CANADA
fullhost.ca,telco,CANADA
cfl.ca,web,CANADA
olympic.ca,web,CANADA
rew.ca,web,CANADA
rentals.ca,web,CANADA
durhamcollege.ca,university,CANADA
stclaircollege.ca,university,CANADA
cambriancollege.ca,university,CANADA
nbcc.ca,university,CANADA
stlawrencecollege.ca,university,CANADA
canadorecollege.ca,university,CANADA
algomau.ca,university,CANADA
capilanou.ca,university,CANADA
nipissingu.ca,university,CANADA
brandonu.ca,university,CANADA
inrs.ca,university,CANADA
teluq.ca,university,CANADA
vcc.ca,university,CANADA
bowvalleycollege.ca,university,CANADA
georgiancollege.ca,university,CANADA
flemingcollege.ca,university,CANADA
d2l.com,university,CANADA
applyboard.com,university,CANADA
stjoes.ca,hospital,CANADA
lakeridgehealth.on.ca,hospital,CANADA
jgh.ca,hospital,CANADA
cnib.ca,hospital,CANADA
kidney.ca,hospital,CANADA
lung.ca,hospital,CANADA
arthritis.ca,hospital,CANADA
parkinson.ca,hospital,CANADA
greenshield.ca,bank,CANADA
otpp.com,bank,CANADA
omers.com,bank,CANADA
hoopp.com,bank,CANADA
cdpq.com,bank,CANADA
sagen.ca,bank,CANADA
chip.ca,bank,CANADA
mackenzieinvestments.com,bank,CANADA
neofinancial.com,bank,CANADA
foresters.com,bank,CANADA
leevalley.com,retail,CANADA
structube.com,retail,CANADA
article.com,retail,CANADA
reitmans.com,retail,CANADA
dynamiteclothing.com,retail,CANADA
garageclothing.com,retail,CANADA
lavieenrose.com,retail,CANADA
brownsshoes.com,retail,CANADA
aldoshoes.com,retail,CANADA
rexall.ca,retail,CANADA
familiprix.com,retail,CANADA
uniprix.com,retail,CANADA
brunet.ca,retail,CANADA
kaltire.com,retail,CANADA
farmboy.ca,retail,CANADA
timescolonist.com,media,CANADA
sudbury.com,media,CANADA
nationalobserver.com,media,CANADA
thenarwhal.ca,media,CANADA
straight.com,media,CANADA
nowtoronto.com,media,CANADA
chatelaine.com,media,CANADA
canadianliving.com,media,CANADA
todaysparent.com,media,CANADA
cultmtl.com,media,CANADA
pressprogress.ca,media,CANADA
ipolitics.ca,media,CANADA
hilltimes.com,media,CANADA
luckymobile.ca,telco,CANADA
publicmobile.ca,telco,CANADA
fcc-fac.ca,gov,CANADA
canadacouncil.ca,gov,CANADA
telefilm.ca,gov,CANADA
pc.gc.ca,gov,CANADA
sherbrooke.ca,gov,CANADA
saguenay.ca,gov,CANADA
benevity.com,tech,CANADA
docebo.com,tech,CANADA
magnetforensics.com,tech,CANADA
tophat.com,tech,CANADA
waveapps.com,tech,CANADA
freshbooks.com,tech,CANADA
points.com,tech,CANADA
q4inc.com,tech,CANADA
enghouse.com,tech,CANADA
hrdc-drhc.gc.ca,gov,CANADA
census.gc.ca,gov,CANADA
recensement.gc.ca,gov,CANADA
gov.mb.ca,gov,CANADA
burnabyschools.ca,gov,CANADA
ouac.on.ca,university,CANADA
alloprof.qc.ca,university,CANADA
saskpolytech.ca,university,CANADA
banffcentre.ca,university,CANADA
toh.ca,hospital,CANADA
cma.ca,hospital,CANADA
kidshelpphone.ca,hospital,CANADA
autismspeaks.ca,hospital,CANADA
heyhealthclinics.ca,hospital,CANADA
creditkarma.ca,bank,CANADA
capitalone.ca,bank,CANADA
sedarplus.ca,bank,CANADA
assurancevoyagedesjardins.ca,bank,CANADA
singtao.ca,media,CANADA
cheknews.ca,media,CANADA
baytoday.ca,media,CANADA
sunwire.ca,telco,CANADA
sunwing.ca,transport,CANADA
clubpiscine.ca,retail,CANADA
pcexpress.ca,retail,CANADA
partsavatar.ca,retail,CANADA
carpages.ca,retail,CANADA
ashleyhomestore.ca,retail,CANADA
grainger.ca,retail,CANADA
mckesson.ca,retail,CANADA
hockeycanada.ca,web,CANADA
policyalternatives.ca,web,CANADA
liberal.ca,web,CANADA
torontopubliclibrary.ca,web,CANADA
cntower.ca,web,CANADA
urbantoronto.ca,web,CANADA
nctr.ca,web,CANADA
historymuseum.ca,web,CANADA
canadiana.ca,web,CANADA
simplyhired.ca,web,CANADA
redfin.ca,web,CANADA
biographi.ca,web,CANADA
cpr.ca,web,CANADA
fool.ca,web,CANADA
starbucks.ca,web,CANADA
argos.co.uk,web,UK
autotrader.co.uk,web,UK
ico.org.uk,web,UK
thesun.co.uk,web,UK
mirror.co.uk,web,UK
guardian.co.uk,web,UK
express.co.uk,web,UK
ucl.ac.uk,web,UK
thetimes.co.uk,media,UK
metro.co.uk,web,UK
eventbrite.co.uk,web,UK
blogspot.co.uk,web,UK
tripadvisor.co.uk,web,UK
lse.ac.uk,web,UK
standard.co.uk,web,UK
legislation.gov.uk,gov,UK
tfl.gov.uk,gov,UK
next.co.uk,web,UK
theregister.co.uk,web,UK
nationalarchives.gov.uk,gov,UK
lloydsbank.co.uk,bank,UK
manchester.ac.uk,web,UK
ons.gov.uk,gov,UK
imperial.ac.uk,web,UK
just-eat.co.uk,web,UK
gla.ac.uk,web,UK
warwick.ac.uk,web,UK
kcl.ac.uk,web,UK
pinterest.co.uk,web,UK
zoopla.co.uk,web,UK
vinted.co.uk,web,UK
homeoffice.gov.uk,gov,UK
leeds.ac.uk,web,UK
huffingtonpost.co.uk,web,UK
core.ac.uk,web,UK
currys.co.uk,web,UK
wired.co.uk,web,UK
tate.org.uk,web,UK
very.co.uk,web,UK
manchestereveningnews.co.uk,media,UK
tui.co.uk,web,UK
ancestry.co.uk,web,UK
york.ac.uk,web,UK
visualsoft.co.uk,web,UK
timesonline.co.uk,media,UK
newsnow.co.uk,media,UK
fca.org.uk,web,UK
therange.co.uk,web,UK
ncl.ac.uk,web,UK
metoffice.gov.uk,gov,UK
flashscore.co.uk,web,UK
bl.uk,web,UK
walesonline.co.uk,web,UK
nottingham.ac.uk,web,UK
roman.co.uk,web,UK
realtimetrains.co.uk,web,UK
ibtimes.co.uk,media,UK
merkur.de,web,GERMANY
telefonica.de,web,GERMANY
joyclub.de,web,GERMANY
markt.de,web,GERMANY
ladies.de,web,GERMANY
your-server.de,web,GERMANY
mobile.de,web,GERMANY
ioam.de,web,GERMANY
web.de,web,GERMANY
mpg.de,web,GERMANY
ccc.de,web,GERMANY
ionos.de,web,GERMANY
zeit.de,web,GERMANY
heise.de,web,GERMANY
strato.de,web,GERMANY
sueddeutsche.de,web,GERMANY
chip.de,web,GERMANY
nic.de,web,GERMANY
check24.de,web,GERMANY
freenet.de,web,GERMANY
idealo.de,web,GERMANY
admatic.de,web,GERMANY
joyn.de,web,GERMANY
zdf.de,web,GERMANY
dhl.de,web,GERMANY
tagesspiegel.de,web,GERMANY
bahn.de,web,GERMANY
webgo.de,web,GERMANY
wdr.de,web,GERMANY
br.de,web,GERMANY
e-recht24.de,web,GERMANY
ndr.de,web,GERMANY
adscale.de,web,GERMANY
fraunhofer.de,web,GERMANY
ardmediathek.de,web,GERMANY
wetteronline.de,web,GERMANY
immobilienscout24.de,web,GERMANY
arbeitsagentur.de,web,GERMANY
aol.de,web,GERMANY
stern.de,web,GERMANY
kaufland.de,web,GERMANY
goethe.de,web,GERMANY
your-storageshare.de,web,GERMANY
bayern.de,web,GERMANY
rwth-aachen.de,web,GERMANY
elster.de,web,GERMANY
tum.de,web,GERMANY
swr.de,web,GERMANY
hessen.de,web,GERMANY
blogspot.de,web,GERMANY
siemens.de,web,GERMANY
hosteurope.de,web,GERMANY
uni-heidelberg.de,university,GERMANY
tfkc.de,web,GERMANY
fu-berlin.de,web,GERMANY
dfn.de,web,GERMANY
fr.de,web,GERMANY
vodafone.de,web,GERMANY
thomann.de,web,GERMANY
thalia.de,web,GERMANY
berlin.de,web,GERMANY
uni-hamburg.de,university,GERMANY
immowelt.de,web,GERMANY
goneo.de,web,GERMANY
google.fr,web,FRANCE
ladepeche.fr,web,FRANCE
actu.fr,web,FRANCE
leroymerlin.fr,web,FRANCE
impots.gouv.fr,gov,FRANCE
flashscore.fr,web,FRANCE
meteociel.fr,web,FRANCE
orange.fr,web,FRANCE
wanadoo.fr,web,FRANCE
cnil.fr,web,FRANCE
cnrs.fr,web,FRANCE
franceinfo.fr,web,FRANCE
radiofrance.fr,web,FRANCE
liberation.fr,web,FRANCE
sfr.fr,web,FRANCE
lesechos.fr,web,FRANCE
weborama.fr,web,FRANCE
rfi.fr,web,FRANCE
nic.fr,web,FRANCE
20minutes.fr,web,FRANCE
ameli.fr,web,FRANCE
laposte.fr,web,FRANCE
tripadvisor.fr,web,FRANCE
service-public.fr,web,FRANCE
bnf.fr,web,FRANCE
ebay.fr,web,FRANCE
pagesjaunes.fr,web,FRANCE
allocine.fr,web,FRANCE
doctolib.fr,web,FRANCE
sudouest.fr,web,FRANCE
rtl.fr,web,FRANCE
carrefour.fr,web,FRANCE
credit-agricole.fr,web,FRANCE
francetvinfo.fr,web,FRANCE
paris.fr,web,FRANCE
blogspot.fr,web,FRANCE
louvre.fr,web,FRANCE
inria.fr,web,FRANCE
tf1info.fr,web,FRANCE
laredoute.fr,web,FRANCE
leprogres.fr,web,FRANCE
letelegramme.fr,web,FRANCE
decathlon.fr,web,FRANCE
journaldesfemmes.fr,media,FRANCE
tf1.fr,web,FRANCE
midilibre.fr,web,FRANCE
cnews.fr,media,FRANCE
lanouvellerepublique.fr,web,FRANCE
zalando.fr,web,FRANCE
but.fr,web,FRANCE
auchan.fr,web,FRANCE
eurosport.fr,web,FRANCE
lindependant.fr,web,FRANCE
creditmutuel.fr,web,FRANCE
fdj.fr,web,FRANCE
labanquepostale.fr,bank,FRANCE
gala.fr,web,FRANCE
intersport.fr,web,FRANCE
cic.fr,web,FRANCE
chronopost.fr,web,FRANCE
tube8.fr,web,FRANCE
turfomania.fr,web,FRANCE
rugbyrama.fr,web,FRANCE
mailin.fr,web,FRANCE
naturabuy.fr,web,FRANCE
zeturf.fr,web,FRANCE
lepoint.fr,web,FRANCE
zone-turf.fr,web,FRANCE
service-public.gouv.fr,gov,FRANCE
franceconnect.gouv.fr,gov,FRANCE
francetravail.fr,web,FRANCE
electrodepot.fr,web,FRANCE
huffingtonpost.fr,web,FRANCE
gifi.fr,web,FRANCE
brocabrac.fr,web,FRANCE
lexpress.fr,web,FRANCE
manomano.fr,web,FRANCE
excite.co.jp,web,JAPAN
suumo.jp,web,JAPAN
zozo.jp,web,JAPAN
navitime.co.jp,web,JAPAN
tenki.jp,web,JAPAN
weathernews.jp,media,JAPAN
mbga.jp,web,JAPAN
game8.jp,web,JAPAN
gamewith.jp,web,JAPAN
rakuten-sec.co.jp,web,JAPAN
kakuyomu.jp,web,JAPAN
mechacomic.jp,web,JAPAN
trilltrill.jp,web,JAPAN
alphapolis.co.jp,web,JAPAN
keirin.jp,web,JAPAN
dto.jp,web,JAPAN
jra.jp,web,JAPAN
ecnavi.jp,web,JAPAN
site777.jp,web,JAPAN
rsch.jp,web,JAPAN
ad-contents.jp,web,JAPAN
suruga-ya.jp,web,JAPAN
hatena.ne.jp,web,JAPAN
sakura.ne.jp,web,JAPAN
yomiuri.co.jp,web,JAPAN
adingo.jp,web,JAPAN
nicovideo.jp,web,JAPAN
mynavi.jp,web,JAPAN
cpi.ad.jp,web,JAPAN
prtimes.jp,media,JAPAN
livedoor.jp,web,JAPAN
mainichi.jp,web,JAPAN
plala.or.jp,web,JAPAN
recruit.co.jp,web,JAPAN
biglobe.ne.jp,web,JAPAN
ocn.ne.jp,web,JAPAN
ana.co.jp,web,JAPAN
disney.co.jp,web,JAPAN
ntv.co.jp,web,JAPAN
infoseek.co.jp,web,JAPAN
jal.co.jp,web,JAPAN
softbank.jp,bank,JAPAN
granbluefantasy.jp,web,JAPAN
tv-asahi.co.jp,web,JAPAN
pia.jp,web,JAPAN
buyee.jp,web,JAPAN
impact-ad.jp,web,JAPAN
so-net.ne.jp,web,JAPAN
nhk.jp,web,JAPAN
auone.jp,web,JAPAN
oricon.co.jp,web,JAPAN
exblog.jp,web,JAPAN
mixi.jp,web,JAPAN
sponichi.co.jp,web,JAPAN
diamond.jp,web,JAPAN
carview.co.jp,web,JAPAN
chunichi.co.jp,web,JAPAN
jorudan.co.jp,web,JAPAN
microad.jp,web,JAPAN
homes.co.jp,web,JAPAN
iinet.net.au,web,AUSTRALIA
anu.edu.au,university,AUSTRALIA
realestate.com.au,web,AUSTRALIA
unsw.edu.au,university,AUSTRALIA
theiconic.com.au,web,AUSTRALIA
ebay.com.au,web,AUSTRALIA
uq.edu.au,university,AUSTRALIA
nla.gov.au,gov,AUSTRALIA
sydney.edu.au,university,AUSTRALIA
theage.com.au,web,AUSTRALIA
seek.com.au,web,AUSTRALIA
sbs.com.au,web,AUSTRALIA
jbhifi.com.au,web,AUSTRALIA
telstra.com.au,web,AUSTRALIA
bunnings.com.au,web,AUSTRALIA
adelaide.edu.au,university,AUSTRALIA
theaustralian.com.au,web,AUSTRALIA
mq.edu.au,university,AUSTRALIA
domain.com.au,web,AUSTRALIA
tpgi.com.au,web,AUSTRALIA
ancestry.com.au,web,AUSTRALIA
bom.gov.au,gov,AUSTRALIA
deakin.edu.au,university,AUSTRALIA
coles.com.au,web,AUSTRALIA
9news.com.au,media,AUSTRALIA
uwa.edu.au,university,AUSTRALIA
newcastle.edu.au,university,AUSTRALIA
blogspot.com.au,web,AUSTRALIA
auspost.com.au,web,AUSTRALIA
kmart.com.au,web,AUSTRALIA
uts.edu.au,university,AUSTRALIA
health.gov.au,gov,AUSTRALIA
austlii.edu.au,university,AUSTRALIA
rmit.edu.au,university,AUSTRALIA
homeaffairs.gov.au,gov,AUSTRALIA
nine.com.au,web,AUSTRALIA
monash.edu.au,university,AUSTRALIA
bigw.com.au,web,AUSTRALIA
gumtree.com.au,web,AUSTRALIA
usyd.edu.au,university,AUSTRALIA
qut.edu.au,university,AUSTRALIA
woolworths.com.au,web,AUSTRALIA
optus.com.au,web,AUSTRALIA
dailytelegraph.com.au,web,AUSTRALIA
uow.edu.au,university,AUSTRALIA
afl.com.au,web,AUSTRALIA
ato.gov.au,gov,AUSTRALIA
abs.gov.au,gov,AUSTRALIA
heraldsun.com.au,web,AUSTRALIA
aph.gov.au,gov,AUSTRALIA
healthdirect.gov.au,gov,AUSTRALIA
vu.edu.au,university,AUSTRALIA
my.gov.au,gov,AUSTRALIA
oaic.gov.au,gov,AUSTRALIA
carsales.com.au,web,AUSTRALIA
hotcopper.com.au,web,AUSTRALIA
ozbargain.com.au,web,AUSTRALIA
latrobe.edu.au,university,AUSTRALIA
utas.edu.au,university,AUSTRALIA
vodafone.com.au,web,AUSTRALIA
digitalpacific.com.au,web,AUSTRALIA
swin.edu.au,university,AUSTRALIA
myer.com.au,web,AUSTRALIA
curtin.edu.au,university,AUSTRALIA
griffith.edu.au,university,AUSTRALIA
7news.com.au,media,AUSTRALIA
pinterest.com.au,web,AUSTRALIA
coolrom.com.au,web,AUSTRALIA
couriermail.com.au,web,AUSTRALIA
nt.gov.au,gov,AUSTRALIA
crucial.com.au,web,AUSTRALIA
eventbrite.com.au,web,AUSTRALIA
dfat.gov.au,gov,AUSTRALIA
jcu.edu.au,university,AUSTRALIA
unisa.edu.au,university,AUSTRALIA
csu.edu.au,university,AUSTRALIA
skynews.com.au,media,AUSTRALIA
locanto.com.au,web,AUSTRALIA
tripadvisor.com.au,web,AUSTRALIA
letras.mus.br,web,BRAZIL
xvideo.vlog.br,web,BRAZIL
ntp.br,web,BRAZIL
locaweb.com.br,web,BRAZIL
nubank.com.br,bank,BRAZIL
magazineluiza.com.br,web,BRAZIL
intelbras.com.br,web,BRAZIL
ifood.com.br,web,BRAZIL
usp.br,web,BRAZIL
santander.com.br,web,BRAZIL
casasbahia.com.br,web,BRAZIL
bb.com.br,web,BRAZIL
itau.com.br,web,BRAZIL
serpro.gov.br,gov,BRAZIL
abril.com.br,web,BRAZIL
kinghost.com.br,web,BRAZIL
netshoes.com.br,web,BRAZIL
reclameaqui.com.br,web,BRAZIL
estadao.com.br,web,BRAZIL
vivo.com.br,web,BRAZIL
sicredi.com.br,web,BRAZIL
mercadopago.com.br,web,BRAZIL
bradesco.com.br,web,BRAZIL
correios.com.br,web,BRAZIL
bancointer.com.br,bank,BRAZIL
rnp.br,web,BRAZIL
clickpetroleoegas.com.br,web,BRAZIL
serasa.com.br,web,BRAZIL
scielo.br,web,BRAZIL
enjoei.com.br,web,BRAZIL
correiobraziliense.com.br,web,BRAZIL
planalto.gov.br,gov,BRAZIL
ig.com.br,web,BRAZIL
claro.com.br,web,BRAZIL
lojasrenner.com.br,web,BRAZIL
kabum.com.br,web,BRAZIL
drogasil.com.br,web,BRAZIL
webmotors.com.br,web,BRAZIL
cifraclub.com.br,web,BRAZIL
poder360.com.br,web,BRAZIL
em.com.br,web,BRAZIL
madeiramadeira.com.br,web,BRAZIL
chavesnamao.com.br,web,BRAZIL
dafiti.com.br,web,BRAZIL
cartacapital.com.br,web,BRAZIL
boticario.com.br,web,BRAZIL
zapimoveis.com.br,web,BRAZIL
otempo.com.br,web,BRAZIL
americanas.com.br,web,BRAZIL
espn.com.br,web,BRAZIL
privacy.com.br,web,BRAZIL
lance.com.br,web,BRAZIL
bling.com.br,web,BRAZIL
catracalivre.com.br,web,BRAZIL
ndmais.com.br,web,BRAZIL
climatempo.com.br,web,BRAZIL
itatiaia.com.br,web,BRAZIL
catho.com.br,web,BRAZIL
correio24horas.com.br,web,BRAZIL
flashscore.com.br,web,BRAZIL
bcb.gov.br,gov,BRAZIL
bibliaonline.com.br,web,BRAZIL
radios.com.br,web,BRAZIL
tudogostoso.com.br,web,BRAZIL
nsctotal.com.br,web,BRAZIL
oantagonista.com.br,web,BRAZIL
goias.gov.br,gov,BRAZIL
imovelweb.com.br,web,BRAZIL
diariodocomercio.com.br,web,BRAZIL
colaboraread.com.br,web,BRAZIL
pciconcursos.com.br,web,BRAZIL
goodreturns.in,web,INDIA
aajtak.in,web,INDIA
parivahan.gov.in,gov,INDIA
redbus.in,web,INDIA
screener.in,web,INDIA
lotterysambadresult.in,web,INDIA
examinationservices.nic.in,web,INDIA
mnregaweb4.nic.in,web,INDIA
sdpay.co.in,web,INDIA
npci.org.in,web,INDIA
digitallocker.gov.in,gov,INDIA
lnkd.in,web,INDIA
indiatoday.in,web,INDIA
rajasthan.gov.in,gov,INDIA
groww.in,web,INDIA
airtel.in,web,INDIA
olx.in,web,INDIA
tripadvisor.in,web,INDIA
ssc.gov.in,gov,INDIA
maharashtra.gov.in,gov,INDIA
kerala.gov.in,gov,INDIA
goindigo.in,web,INDIA
tn.gov.in,gov,INDIA
zoho.in,web,INDIA
nobroker.in,web,INDIA
irctc.co.in,web,INDIA
bajajfinserv.in,web,INDIA
ctrls.in,web,INDIA
mca.gov.in,gov,INDIA
mohfw.gov.in,gov,INDIA
runnr.in,web,INDIA
wb.gov.in,gov,INDIA
livescore.in,web,INDIA
licindia.in,web,INDIA
cgg.gov.in,gov,INDIA
district.in,web,INDIA
mahaonline.gov.in,gov,INDIA
cashify.in,web,INDIA
cbse.gov.in,gov,INDIA
digilocker.gov.in,gov,INDIA
education.gov.in,gov,INDIA
nptel.ac.in,web,INDIA
railyatri.in,web,INDIA
sheinindia.in,web,INDIA
skyscanner.co.in,web,INDIA
allen.in,web,INDIA
apollopharmacy.in,web,INDIA
ndtv.in,web,INDIA
samarth.edu.in,university,INDIA
shopsy.in,web,INDIA
decathlon.in,web,INDIA
reliancedigital.in,web,INDIA
teletype.in,web,INDIA
tanishq.co.in,web,INDIA
lsgkerala.gov.in,gov,INDIA
proteantech.in,web,INDIA
learncbse.in,web,INDIA
administracionelectronica.gob.es,web,SPAIN
google.es,web,SPAIN
delegaciondelgobierno.gob.es,web,SPAIN
rtve.es,web,SPAIN
abc.es,web,SPAIN
boe.es,web,SPAIN
juntadeandalucia.es,web,SPAIN
20minutos.es,web,SPAIN
eldiario.es,web,SPAIN
eleconomista.es,web,SPAIN
aepd.es,web,SPAIN
csic.es,web,SPAIN
larazon.es,web,SPAIN
elcorteingles.es,web,SPAIN
tripadvisor.es,web,SPAIN
blogspot.com.es,web,SPAIN
fotocasa.es,web,SPAIN
orange.es,web,SPAIN
lavozdegalicia.es,web,SPAIN
telecinco.es,web,SPAIN
europapress.es,web,SPAIN
vinted.es,web,SPAIN
carrefour.es,web,SPAIN
heraldo.es,web,SPAIN
rae.es,web,SPAIN
upm.es,web,SPAIN
ugr.es,web,SPAIN
zalando.es,web,SPAIN
ucm.es,web,SPAIN
decathlon.es,web,SPAIN
nic.es,web,SPAIN
trevenque.es,web,SPAIN
skyscanner.es,web,SPAIN
flashscore.es,web,SPAIN
druni.es,web,SPAIN
clave.gob.es,web,SPAIN
semana.es,web,SPAIN
juegosonce.es,web,SPAIN
educacion.gob.es,web,SPAIN
citapreviadnie.es,web,SPAIN
obramat.es,web,SPAIN
fotogramas.es,web,SPAIN
aeolservice.es,web,SPAIN
tvguia.es,web,SPAIN
administracionespublicas.gob.es,web,SPAIN
upv.es,web,SPAIN
publico.es,web,SPAIN
um.es,web,SPAIN
ebay.es,web,SPAIN
usal.es,web,SPAIN
cope.es,web,SPAIN
nationalgeographic.com.es,web,SPAIN
unizar.es,web,SPAIN
jazztel.es,web,SPAIN
huffingtonpost.es,web,SPAIN
pinterest.es,web,SPAIN
cervantes.es,web,SPAIN
navarra.es,web,SPAIN
bbva.es,web,SPAIN
uam.es,web,SPAIN
uned.es,web,SPAIN
bancosantander.es,bank,SPAIN
uva.es,web,SPAIN
lasprovincias.es,web,SPAIN
uc3m.es,web,SPAIN
sarenet.es,web,SPAIN
mediamarkt.es,web,SPAIN
lidl.es,web,SPAIN
movistar.es,web,SPAIN
diariodenavarra.es,web,SPAIN
ilfattoquotidiano.it,web,ITALY
subito.it,web,ITALY
idealista.it,web,ITALY
ilmeteo.it,web,ITALY
inps.it,web,ITALY
immobiliare.it,web,ITALY
diretta.it,web,ITALY
annunci69.it,web,ITALY
google.it,web,ITALY
redd.it,web,ITALY
libero.it,web,ITALY
ansa.it,web,ITALY
cnr.it,web,ITALY
aruba.it,web,ITALY
register.it,web,ITALY
alice.it,web,ITALY
sky.it,web,ITALY
pin.it,web,ITALY
lastampa.it,web,ITALY
telecomitalia.it,web,ITALY
mediaset.it,web,ITALY
rainews.it,media,ITALY
tripadvisor.it,web,ITALY
agenziaentrate.gov.it,gov,ITALY
unibo.it,web,ITALY
ilmessaggero.it,web,ITALY
justpaste.it,web,ITALY
raiplay.it,web,ITALY
ilgiornale.it,web,ITALY
vinted.it,web,ITALY
interno.gov.it,gov,ITALY
fanpage.it,web,ITALY
tim.it,web,ITALY
vanityfair.it,web,ITALY
virgilio.it,web,ITALY
esteri.it,web,ITALY
trovaprezzi.it,web,ITALY
scoop.it,web,ITALY
giallozafferano.it,web,ITALY
poliziadistato.it,web,ITALY
ilmattino.it,web,ITALY
garanteprivacy.it,web,ITALY
ilrestodelcarlino.it,web,ITALY
zalando.it,web,ITALY
borsaitaliana.it,web,ITALY
sisal.it,web,ITALY
autoscout24.it,web,ITALY
snai.it,web,ITALY
casa.it,web,ITALY
my-personaltrainer.it,web,ITALY
leroymerlin.it,web,ITALY
leggo.it,web,ITALY
goldbet.it,web,ITALY
lefrecce.it,web,ITALY
decathlon.it,web,ITALY
lottomatica.it,web,ITALY
namirial.it,web,ITALY
orizzontescuola.it,web,ITALY
skyscanner.it,web,ITALY
ilportaledellautomobilista.it,web,ITALY
betflag.it,web,ITALY
planetwin365.it,web,ITALY
iliad.it,web,ITALY
madisoft.it,web,ITALY
lidl.it,web,ITALY
tecnomat.it,web,ITALY
vodafone.it,web,ITALY
nirvam.it,web,ITALY
eurosport.it,web,ITALY
giroditalia.it,web,ITALY
unipd.it,web,ITALY
rai.it,web,ITALY
blogspot.it,web,ITALY
unimi.it,web,ITALY
unifi.it,web,ITALY
polimi.it,web,ITALY
paginegialle.it,web,ITALY
ilpost.it,web,ITALY
uniroma1.it,web,ITALY
unito.it,web,ITALY
wired.it,web,ITALY
infn.it,web,ITALY
nanosystems.it,web,ITALY
unipi.it,web,ITALY
lafeltrinelli.it,web,ITALY
vogue.it,web,ITALY
follow.it,web,ITALY
google.nl,web,NETHERLANDS
amazon.nl,web,NETHERLANDS
ziggo.nl,web,NETHERLANDS
nos.nl,web,NETHERLANDS
cwi.nl,web,NETHERLANDS
uu.nl,web,NETHERLANDS
nlnetlabs.nl,web,NETHERLANDS
telegraaf.nl,web,NETHERLANDS
doxygen.nl,web,NETHERLANDS
tudelft.nl,web,NETHERLANDS
uva.nl,web,NETHERLANDS
rtl.nl,web,NETHERLANDS
rug.nl,web,NETHERLANDS
buienradar.nl,web,NETHERLANDS
xs4all.nl,web,NETHERLANDS
funda.nl,web,NETHERLANDS
tue.nl,web,NETHERLANDS
zxcs.nl,web,NETHERLANDS
gelderlander.nl,web,NETHERLANDS
zalando.nl,web,NETHERLANDS
utwente.nl,web,NETHERLANDS
nrc.nl,web,NETHERLANDS
vu.nl,web,NETHERLANDS
destentor.nl,web,NETHERLANDS
rijksoverheid.nl,web,NETHERLANDS
hdfilmcehennemi.nl,web,NETHERLANDS
mijnwoordenboek.nl,web,NETHERLANDS
volkskrant.nl,web,NETHERLANDS
hostnet.nl,web,NETHERLANDS
voetbalzone.nl,web,NETHERLANDS
belastingdienst.nl,web,NETHERLANDS
kisskh.nl,web,NETHERLANDS
ah.nl,web,NETHERLANDS
ru.nl,web,NETHERLANDS
anwb.nl,web,NETHERLANDS
overheid.nl,web,NETHERLANDS
wur.nl,web,NETHERLANDS
surfnet.nl,web,NETHERLANDS
autoriteitpersoonsgegevens.nl,web,NETHERLANDS
mijndomein.nl,web,NETHERLANDS
coolblue.nl,web,NETHERLANDS
albelli.nl,web,NETHERLANDS
rabobank.nl,bank,NETHERLANDS
abnamro.nl,web,NETHERLANDS
universiteitleiden.nl,university,NETHERLANDS
postnl.nl,web,NETHERLANDS
blogspot.nl,web,NETHERLANDS
cloud86.nl,web,NETHERLANDS
anony.nl,web,NETHERLANDS
neostrada.nl,web,NETHERLANDS
hema.nl,web,NETHERLANDS
axc.nl,web,NETHERLANDS
bnr.nl,web,NETHERLANDS
vinted.nl,web,NETHERLANDS
rijksmuseum.nl,web,NETHERLANDS
ns.nl,web,NETHERLANDS
chello.nl,web,NETHERLANDS
gamma.nl,web,NETHERLANDS
npo.nl,web,NETHERLANDS
ed.nl,web,NETHERLANDS
weeronline.nl,web,NETHERLANDS
cbs.nl,web,NETHERLANDS
tui.nl,web,NETHERLANDS
bd.nl,web,NETHERLANDS
wehkamp.nl,web,NETHERLANDS
eur.nl,web,NETHERLANDS
bndestem.nl,web,NETHERLANDS
ideal.nl,web,NETHERLANDS
nltimes.nl,media,NETHERLANDS
tubantia.nl,web,NETHERLANDS
government.nl,web,NETHERLANDS
leidenuniv.nl,web,NETHERLANDS
jwwb.nl,web,NETHERLANDS
rivm.nl,web,NETHERLANDS
genealogieonline.nl,web,NETHERLANDS
jouwweb.nl,web,NETHERLANDS
libelle.nl,web,NETHERLANDS
open-internet.nl,web,NETHERLANDS
cheaptickets.nl,web,NETHERLANDS
trouw.nl,web,NETHERLANDS
ticketmaster.nl,web,NETHERLANDS
voetbalprimeur.nl,web,NETHERLANDS
decathlon.nl,web,NETHERLANDS
autoscout24.nl,web,NETHERLANDS
hornbach.nl,web,NETHERLANDS
dfn.nl,web,NETHERLANDS
thuisbezorgd.nl,web,NETHERLANDS
tvgids.nl,web,NETHERLANDS
caiway.nl,web,NETHERLANDS
sportnieuws.nl,web,NETHERLANDS
praxis.nl,web,NETHERLANDS
crpt.ru,web,RUSSIA
adriver.ru,web,RUSSIA
vkontakte.ru,web,RUSSIA
imgsmail.ru,web,RUSSIA
timeweb.ru,web,RUSSIA
cdnvideo.ru,web,RUSSIA
ozone.ru,web,RUSSIA
consultant.ru,web,RUSSIA
wb.ru,web,RUSSIA
mhverifier.ru,web,RUSSIA
ya.ru,web,RUSSIA
gismeteo.ru,web,RUSSIA
stbid.ru,web,RUSSIA
megafon.ru,web,RUSSIA
tabor.ru,web,RUSSIA
t-bank-app.ru,bank,RUSSIA
edna.ru,web,RUSSIA
1c.ru,web,RUSSIA
beboo.ru,web,RUSSIA
mangabuff.ru,web,RUSSIA
tbank.ru,bank,RUSSIA
tinkoff.ru,web,RUSSIA
imgsrc.ru,web,RUSSIA
google.ru,web,RUSSIA
jino.ru,web,RUSSIA
firstvds.ru,web,RUSSIA
gdemoideti.ru,web,RUSSIA
test-uz.ru,web,RUSSIA
rustore.ru,web,RUSSIA
beeline.ru,web,RUSSIA
hh.ru,web,RUSSIA
sweb.ru,web,RUSSIA
max.ru,web,RUSSIA
cdek.ru,web,RUSSIA
vtb.ru,web,RUSSIA
amocrm.ru,web,RUSSIA
mindbox.ru,web,RUSSIA
2gis.ru,web,RUSSIA
ria.ru,web,RUSSIA
beget.ru,web,RUSSIA
kinopoisk.ru,web,RUSSIA
smi2.ru,web,RUSSIA
vkvideo.ru,web,RUSSIA
mirtesen.ru,web,RUSSIA
tutu.ru,web,RUSSIA
people.com.cn,web,CHINA
amazonaws.com.cn,web,CHINA
wps.cn,web,CHINA
weibo.cn,web,CHINA
chinadaily.com.cn,web,CHINA
icloud.com.cn,web,CHINA
sinaimg.cn,web,CHINA
jpush.cn,web,CHINA
tenda.com.cn,web,CHINA
feishu.cn,web,CHINA
quark.cn,web,CHINA
lenovo.com.cn,web,CHINA
ucloud.cn,web,CHINA
uc.cn,web,CHINA
sina.cn,web,CHINA
people.cn,web,CHINA
aspiredigital.cn,web,CHINA
pku.edu.cn,university,CHINA
cloudlinks.cn,web,CHINA
189.cn,web,CHINA
manutouch.com.cn,web,CHINA
thinkingdata.cn,web,CHINA
apple.com.cn,web,CHINA
kdocs.cn,web,CHINA
cloudbirds.cn,web,CHINA
4.cn,web,CHINA
22.cn,web,CHINA
midea.com.cn,web,CHINA
gmw.cn,web,CHINA
autohome.com.cn,web,CHINA
globaltimes.cn,media,CHINA
11st.co.kr,web,KOREA
hani.co.kr,web,KOREA
joongang.co.kr,web,KOREA
bobaedream.co.kr,web,KOREA
ondisk.co.kr,web,KOREA
dhlottery.co.kr,web,KOREA
aladin.co.kr,web,KOREA
tpmn.co.kr,web,KOREA
mk.co.kr,web,KOREA
ardentnews.co.kr,media,KOREA
makeshop.co.kr,web,KOREA
cafe24.co.kr,web,KOREA
koreatimes.co.kr,media,KOREA
whois.co.kr,web,KOREA
jobkorea.co.kr,web,KOREA
whoisdomain.kr,web,KOREA
moack.co.kr,web,KOREA
saramin.co.kr,web,KOREA
snu.ac.kr,web,KOREA
kbs.co.kr,web,KOREA
khan.co.kr,web,KOREA
isweb.co.kr,web,KOREA
dothome.co.kr,web,KOREA
news1.kr,media,KOREA
megafile.co.kr,web,KOREA
kaist.ac.kr,web,KOREA
clickn.co.kr,web,KOREA
sbs.co.kr,web,KOREA
brunch.co.kr,web,KOREA
asiae.co.kr,web,KOREA
4in.co.kr,web,KOREA
gabia.co.kr,web,KOREA
mania.kr,web,KOREA
kyobobook.co.kr,web,KOREA
adxcorp.kr,web,KOREA
livescore.co.kr,web,KOREA
mt.co.kr,web,KOREA
gov.kr,web,KOREA
soccerline.kr,web,KOREA
riss.kr,web,KOREA
eps.go.kr,web,KOREA
oliveyoung.co.kr,web,KOREA
zigzag.kr,web,KOREA
hanyang.ac.kr,web,KOREA
yonsei.ac.kr,web,KOREA
korea.ac.kr,web,KOREA
sooplive.co.kr,web,KOREA
fomos.kr,web,KOREA
bunjang.co.kr,web,KOREA
seoul.co.kr,web,KOREA
etoland.co.kr,web,KOREA
edaily.co.kr,web,KOREA
zdnet.co.kr,web,KOREA
postech.ac.kr,web,KOREA
ytn.co.kr,web,KOREA
snapfit.co.kr,web,KOREA
kisti.re.kr,web,KOREA
dbpia.co.kr,web,KOREA
ewha.ac.kr,web,KOREA
phps.kr,web,KOREA
29cm.co.kr,web,KOREA
gwangju.ac.kr,web,KOREA
koreascience.kr,web,KOREA
onestore.co.kr,web,KOREA
google.se,web,SWEDEN
amazon.se,web,SWEDEN
svt.se,web,SWEDEN
netnod.se,web,SWEDEN
expressen.se,media,SWEDEN
lu.se,web,SWEDEN
dn.se,web,SWEDEN
blocket.se,web,SWEDEN
uu.se,web,SWEDEN
hitta.se,web,SWEDEN
di.se,web,SWEDEN
kth.se,web,SWEDEN
telenor.se,web,SWEDEN
liu.se,web,SWEDEN
bio-link.se,web,SWEDEN
andersnoren.se,web,SWEDEN
umu.se,web,SWEDEN
schoolsoft.se,web,SWEDEN
su.se,web,SWEDEN
sverigesradio.se,web,SWEDEN
tele2.se,web,SWEDEN
chalmers.se,web,SWEDEN
svd.se,web,SWEDEN
gu.se,web,SWEDEN
atg.se,web,SWEDEN
mobiri.se,web,SWEDEN
seenthis.se,web,SWEDEN
ica.se,web,SWEDEN
smhi.se,web,SWEDEN
sunet.se,web,SWEDEN
ki.se,web,SWEDEN
zalando.se,web,SWEDEN
hemnet.se,web,SWEDEN
ownit.se,web,SWEDEN
svenskaspel.se,web,SWEDEN
1177.se,web,SWEDEN
kb.se,web,SWEDEN
arbetsformedlingen.se,web,SWEDEN
apotea.se,web,SWEDEN
bahnhof.se,web,SWEDEN
blogspot.se,web,SWEDEN
biltema.se,web,SWEDEN
klart.se,web,SWEDEN
thelocal.se,web,SWEDEN
marcusoscarsson.se,web,SWEDEN
pvip.se,web,SWEDEN
skatteverket.se,web,SWEDEN
tre.se,web,SWEDEN
dice.se,web,SWEDEN
skolplus.se,web,SWEDEN
slu.se,web,SWEDEN
ohou.se,web,SWEDEN
svtplay.se,web,SWEDEN
blogg.se,web,SWEDEN
sr.se,web,SWEDEN
stockholm.se,web,SWEDEN
ilait.se,web,SWEDEN
gp.se,web,SWEDEN
regeringen.se,web,SWEDEN
fyndiq.se,web,SWEDEN
riksdagen.se,web,SWEDEN
nmugroup.se,web,SWEDEN
telia.se,web,SWEDEN
passagen.se,web,SWEDEN
egensajt.se,web,SWEDEN
scb.se,web,SWEDEN
pomf.se,web,SWEDEN
ri.se,web,SWEDEN
eniro.se,web,SWEDEN
polisen.se,web,SWEDEN
tv4.se,web,SWEDEN
vinted.se,web,SWEDEN
sydsvenskan.se,web,SWEDEN
coop.se,web,SWEDEN
ballou.se,web,SWEDEN
eggsinc.se,web,SWEDEN
lnu.se,web,SWEDEN
lth.se,web,SWEDEN
websupport.se,web,SWEDEN
transportstyrelsen.se,web,SWEDEN
goteborg.se,web,SWEDEN
trafikverket.se,web,SWEDEN
swedbank.se,bank,SWEDEN
allabolag.se,web,SWEDEN
ltu.se,web,SWEDEN
government.se,web,SWEDEN
cdon.se,web,SWEDEN
google.ch,web,SWITZERLAND
ipcc.ch,web,SWITZERLAND
sbb.ch,web,SWITZERLAND
srf.ch,web,SWITZERLAND
infomaniak.ch,web,SWITZERLAND
20min.ch,web,SWITZERLAND
blick.ch,web,SWITZERLAND
sunrise.ch,web,SWITZERLAND
swisscom.ch,web,SWITZERLAND
uzh.ch,web,SWITZERLAND
swissinfo.ch,web,SWITZERLAND
protonmail.ch,web,SWITZERLAND
bluewin.ch,web,SWITZERLAND
nzz.ch,web,SWITZERLAND
unige.ch,web,SWITZERLAND
cyon.ch,web,SWITZERLAND
nic.ch,web,SWITZERLAND
xdate.ch,web,SWITZERLAND
unibe.ch,web,SWITZERLAND
itu.ch,web,SWITZERLAND
tagesanzeiger.ch,web,SWITZERLAND
homegate.ch,web,SWITZERLAND
hosttech.ch,web,SWITZERLAND
watson.ch,web,SWITZERLAND
post.ch,web,SWITZERLAND
metanet.ch,web,SWITZERLAND
galaxus.ch,web,SWITZERLAND
unibas.ch,web,SWITZERLAND
kreativmedia.ch,web,SWITZERLAND
iec.ch,web,SWITZERLAND
webland.ch,web,SWITZERLAND
switch.ch,web,SWITZERLAND
zalando.ch,web,SWITZERLAND
rts.ch,web,SWITZERLAND
ricardo.ch,web,SWITZERLAND
tophost.ch,web,SWITZERLAND
unil.ch,web,SWITZERLAND
musta.ch,web,SWITZERLAND
letemps.ch,web,SWITZERLAND
fourmilab.ch,web,SWITZERLAND
abuse.ch,web,SWITZERLAND
unifr.ch,web,SWITZERLAND
nuevoloquo.ch,web,SWITZERLAND
migros.ch,web,SWITZERLAND
demonoid.ch,web,SWITZERLAND
hostfactory.ch,web,SWITZERLAND
fgirl.ch,web,SWITZERLAND
petitesannonces.ch,web,SWITZERLAND
search.ch,web,SWITZERLAND
solnet.ch,web,SWITZERLAND
digitec.ch,web,SWITZERLAND
exoscale.ch,web,SWITZERLAND
comparis.ch,web,SWITZERLAND
ungleich.ch,web,SWITZERLAND
hoststar.ch,web,SWITZERLAND
blogspot.ch,web,SWITZERLAND
servertown.ch,web,SWITZERLAND
24heures.ch,web,SWITZERLAND
hispeed.ch,web,SWITZERLAND
gmx.ch,web,SWITZERLAND
ge.ch,web,SWITZERLAND
immoscout24.ch,web,SWITZERLAND
zhaw.ch,web,SWITZERLAND
imp.ch,web,SWITZERLAND
intername.ch,web,SWITZERLAND
stadt-zuerich.ch,web,SWITZERLAND
aargauerzeitung.ch,media,SWITZERLAND
unisg.ch,web,SWITZERLAND
rsi.ch,web,SWITZERLAND
nau.ch,web,SWITZERLAND
ebay.ch,web,SWITZERLAND
local.ch,web,SWITZERLAND
lematin.ch,web,SWITZERLAND
tdg.ch,web,SWITZERLAND
autoscout24.ch,web,SWITZERLAND
usi.ch,web,SWITZERLAND
coop.ch,web,SWITZERLAND
ebu.ch,web,SWITZERLAND
tutti.ch,web,SWITZERLAND
ralphlauren.ch,web,SWITZERLAND
jobs.ch,web,SWITZERLAND
fhnw.ch,web,SWITZERLAND
psi.ch,web,SWITZERLAND
bernerzeitung.ch,media,SWITZERLAND
tcs.ch,web,SWITZERLAND
home.pl,web,POLAND
google.pl,web,POLAND
gemius.pl,web,POLAND
amazon.pl,web,POLAND
gov.pl,web,POLAND
gazeta.pl,media,POLAND
filmweb.pl,web,POLAND
nazwa.pl,web,POLAND
cyberfolks.pl,web,POLAND
ceneo.pl,web,POLAND
certum.pl,web,POLAND
tvn24.pl,web,POLAND
orange.pl,web,POLAND
rp.pl,web,POLAND
vinted.pl,web,POLAND
o2.pl,web,POLAND
euro.com.pl,web,POLAND
pracuj.pl,web,POLAND
money.pl,web,POLAND
bankier.pl,bank,POLAND
zus.pl,web,POLAND
centrum24.pl,web,POLAND
zalando.pl,web,POLAND
rmf24.pl,web,POLAND
businessinsider.com.pl,web,POLAND
fakt.pl,web,POLAND
krakow.pl,web,POLAND
tvp.pl,web,POLAND
polsatnews.pl,media,POLAND
leroymerlin.pl,web,POLAND
wnp.pl,web,POLAND
sport.pl,web,POLAND
icm.edu.pl,university,POLAND
flashscore.pl,web,POLAND
pudelek.pl,web,POLAND
portalsamorzadowy.pl,web,POLAND
rynekzdrowia.pl,web,POLAND
pomorska.pl,web,POLAND
eduvulcan.pl,web,POLAND
telemagazyn.pl,web,POLAND
pomponik.pl,web,POLAND
aniagotuje.pl,web,POLAND
kurnik.pl,web,POLAND
pirlotv3.pl,web,POLAND
plejada.pl,web,POLAND
poznan.pl,web,POLAND
arkusze.pl,web,POLAND
wyborcza.pl,web,POLAND
lodz.pl,web,POLAND
infor.pl,web,POLAND
exs.pl,web,POLAND
chomikuj.pl,web,POLAND
inpost.pl,web,POLAND
art.pl,web,POLAND
t-mobile.pl,web,POLAND
castorama.pl,web,POLAND
tvn.pl,web,POLAND
gda.pl,web,POLAND
dziennik.pl,web,POLAND
trojmiasto.pl,web,POLAND
lh.pl,web,POLAND
zenbox.pl,web,POLAND
uj.edu.pl,university,POLAND
agh.edu.pl,university,POLAND
mf.gov.pl,gov,POLAND
play.pl,web,POLAND
rossmann.pl,web,POLAND
erli.pl,web,POLAND
gazetaprawna.pl,media,POLAND
amu.edu.pl,university,POLAND
se.pl,web,POLAND
centertel.pl,web,POLAND
znanylekarz.pl,web,POLAND
superbet.pl,web,POLAND
allegrolokalnie.pl,web,POLAND
lubimyczytac.pl,web,POLAND
lublin.pl,web,POLAND
otodom.pl,web,POLAND
adocean.pl,web,POLAND
seohost.pl,web,POLAND
polskieradio.pl,web,POLAND
wpolityce.pl,web,POLAND
decathlon.pl,web,POLAND
meczyki.pl,web,POLAND
gry-online.pl,web,POLAND
clickonometrics.pl,web,POLAND
meb.gov.tr,gov,TURKEY
adtarget.com.tr,web,TURKEY
milliyet.com.tr,web,TURKEY
sabah.com.tr,web,TURKEY
ntv.com.tr,web,TURKEY
metunic.com.tr,web,TURKEY
t24.com.tr,web,TURKEY
pixad.com.tr,web,TURKEY
fanatik.com.tr,web,TURKEY
fotomac.com.tr,web,TURKEY
mgm.gov.tr,gov,TURKEY
kanald.com.tr,web,TURKEY
iskur.gov.tr,gov,TURKEY
admatic.com.tr,web,TURKEY
transfermarkt.com.tr,web,TURKEY
turkcell.com.tr,web,TURKEY
nowtv.com.tr,web,TURKEY
vodafone.com.tr,web,TURKEY
dergipark.org.tr,web,TURKEY
metu.edu.tr,university,TURKEY
cumhuriyet.com.tr,web,TURKEY
doruk.net.tr,web,TURKEY
turktelekom.com.tr,web,TURKEY
boun.edu.tr,university,TURKEY
bkm.com.tr,web,TURKEY
mediamarkt.com.tr,web,TURKEY
atv.com.tr,web,TURKEY
tcmb.gov.tr,gov,TURKEY
diyanet.gov.tr,gov,TURKEY
flashscore.com.tr,web,TURKEY
osym.gov.tr,gov,TURKEY
beinsports.com.tr,web,TURKEY
hacettepe.edu.tr,university,TURKEY
sgk.gov.tr,gov,TURKEY
startv.com.tr,web,TURKEY
luca.com.tr,web,TURKEY
migros.com.tr,web,TURKEY
atauni.edu.tr,university,TURKEY
tvplus.com.tr,web,TURKEY
vodafone.net.tr,web,TURKEY
hesap.com.tr,web,TURKEY
bilkent.edu.tr,university,TURKEY
trt.com.tr,web,TURKEY
tubitak.gov.tr,gov,TURKEY
koctas.com.tr,web,TURKEY
halktv.com.tr,web,TURKEY
itu.edu.tr,university,TURKEY
decathlon.com.tr,web,TURKEY
bim.com.tr,web,TURKEY
tv8.com.tr,web,TURKEY
nefes.com.tr,web,TURKEY
flo.com.tr,web,TURKEY
dhlecommerce.com.tr,web,TURKEY
arcelik.com.tr,web,TURKEY
pazarium.com.tr,web,TURKEY
slazenger.com.tr,web,TURKEY
mfa.gov.tr,gov,TURKEY
ege.edu.tr,university,TURKEY
isbank.com.tr,bank,TURKEY
ni.net.tr,web,TURKEY
vakifbank.com.tr,bank,TURKEY
resmigazete.gov.tr,gov,TURKEY
ziraatbank.com.tr,bank,TURKEY
eba.gov.tr,gov,TURKEY
ad-plus.com.tr,web,TURKEY
isnet.net.tr,web,TURKEY
garantibbva.com.tr,web,TURKEY
netdirekt.com.tr,web,TURKEY
istanbul.edu.tr,university,TURKEY
anadolu.edu.tr,university,TURKEY
ankara.edu.tr,university,TURKEY
deu.edu.tr,university,TURKEY
yok.gov.tr,gov,TURKEY
sakarya.edu.tr,university,TURKEY
akbank.com.tr,bank,TURKEY
teb.com.tr,web,TURKEY
ticaret.gov.tr,gov,TURKEY
nvi.gov.tr,gov,TURKEY
ptt.gov.tr,gov,TURKEY
turkiyegazetesi.com.tr,web,TURKEY
unam.mx,web,MEXICO
sat.gob.mx,web,MEXICO
elfinanciero.com.mx,web,MEXICO
jornada.com.mx,web,MEXICO
hostgator.mx,web,MEXICO
oem.com.mx,web,MEXICO
bbva.mx,web,MEXICO
ticketmaster.com.mx,web,MEXICO
shein.com.mx,web,MEXICO
imss.gob.mx,web,MEXICO
bodegaaurrera.com.mx,web,MEXICO
homedepot.com.mx,web,MEXICO
espn.com.mx,web,MEXICO
nmas.com.mx,web,MEXICO
betmexico.mx,web,MEXICO
cfe.mx,web,MEXICO
eluniversal.com.mx,web,MEXICO
afun.mx,web,MEXICO
meteored.mx,web,MEXICO
locanto.com.mx,web,MEXICO
tec.mx,web,MEXICO
udg.mx,web,MEXICO
nu.com.mx,web,MEXICO
mercadopago.com.mx,web,MEXICO
plu.mx,web,MEXICO
occ.com.mx,web,MEXICO
infonavit.org.mx,web,MEXICO
doctoralia.com.mx,web,MEXICO
uanl.mx,web,MEXICO
sams.com.mx,web,MEXICO
eleconomista.com.mx,web,MEXICO
sears.com.mx,web,MEXICO
record.com.mx,web,MEXICO
uv.mx,web,MEXICO
scielo.org.mx,web,MEXICO
vw.com.mx,web,MEXICO
codere.mx,web,MEXICO
brazino777.mx,web,MEXICO
ceneval.edu.mx,university,MEXICO
adidas.mx,web,MEXICO
ods.com.mx,web,MEXICO
officedepot.com.mx,web,MEXICO
emisoras.com.mx,web,MEXICO
inegi.org.mx,web,MEXICO
loterianacional.gob.mx,web,MEXICO
sicofi.com.mx,web,MEXICO
imssbienestar.gob.mx,web,MEXICO
eventossistema.com.mx,web,MEXICO
tiendapanini.com.mx,web,MEXICO
miregistrocivil.gob.mx,web,MEXICO
excelsior.com.mx,web,MEXICO
ipn.mx,web,MEXICO
becaritacetina.gob.mx,web,MEXICO
blogspot.mx,web,MEXICO
totalplay.com.mx,web,MEXICO
airbnb.mx,web,MEXICO
forbes.com.mx,web,MEXICO
santander.com.mx,web,MEXICO
proceso.com.mx,web,MEXICO
megared.net.mx,web,MEXICO
att.com.mx,web,MEXICO
expansion.mx,web,MEXICO
heraldodemexico.com.mx,web,MEXICO
buap.mx,web,MEXICO
tecnm.mx,web,MEXICO
ine.mx,web,MEXICO
pinterest.com.mx,web,MEXICO
tripadvisor.com.mx,web,MEXICO
x10.mx,web,MEXICO
rappi.com.mx,web,MEXICO
uach.mx,web,MEXICO
ugto.mx,web,MEXICO
itesm.mx,web,MEXICO
informador.mx,web,MEXICO
vanguardia.com.mx,web,MEXICO
debate.com.mx,web,MEXICO
elsiglodetorreon.com.mx,web,MEXICO
connectfirstcu.com,bank,CANADA
firstontariocu.com,bank,CANADA
motusbank.ca,bank,CANADA
cooperators.ca,bank,CANADA
caa.ca,bank,CANADA
distributel.ca,telco,CANADA
execulink.com,telco,CANADA
herschel.com,retail,CANADA
frankandoak.com,retail,CANADA
endy.com,retail,CANADA
cp24.com,media,CANADA
senecapolytechnic.ca,university,CANADA
hhsc.ca,hospital,CANADA
housesigma.com,web,CANADA
oshawa.ca,gov,CANADA
kingston.ca,gov,CANADA
burlington.ca,gov,CANADA
milton.ca,gov,CANADA
thunderbay.ca,gov,CANADA
greatersudbury.ca,gov,CANADA
nanaimo.ca,gov,CANADA
moncton.ca,gov,CANADA
fredericton.ca,gov,CANADA
stjohns.ca,gov,CANADA
niagaracollege.ca,university,CANADA
rrc.ca,university,CANADA
loyalistcollege.com,university,CANADA
hydroone.com,tech,CANADA
hydroquebec.com,tech,CANADA
saskpower.com,tech,CANADA
manitobahydro.ca,tech,CANADA
fortisbc.com,tech,CANADA
emera.com,tech,CANADA
icbc.com,bank,CANADA
sgi.sk.ca,bank,CANADA
conexus.ca,bank,CANADA
innovationcu.ca,bank,CANADA
affinitycu.ca,bank,CANADA
prospera.ca,bank,CANADA
tandia.com,bank,CANADA
holtrenfrew.com,retail,CANADA
therecord.com,media,CANADA
saltwire.com,media,CANADA
aptn.ca,media,CANADA
chch.com,media,CANADA
sonnet.ca,bank,CANADA
manulife.com,bank,CANADA
